"title","start_time","end_time","description","exercise_title","superset_id","exercise_notes","set_index","set_type","weight_kg","reps","distance_km","duration_seconds","rpe"
"Espalda","6 oct 2026, 17:07","6 oct 2026, 18:07","","Lat Pulldown (Cable)",,"",0,"warmup",40,10,,,
"Espalda","6 oct 2026, 17:07","6 oct 2026, 18:07","","Lat Pulldown (Cable)",,"",1,"normal",57,10,,,
"Espalda","6 oct 2026, 17:07","6 oct 2026, 18:07","","Lat Pulldown (Cable)",,"",2,"normal",67,10,,,
"Espalda","6 oct 2026, 17:07","6 oct 2026, 18:07","","Lat Pulldown (Cable)",,"",3,"normal",67,10,,,
"Espalda","6 oct 2026, 17:07","6 oct 2026, 18:07","","Seated Cable Row - V Grip (Cable)",,"",0,"normal",67,10,,,
"Espalda","6 oct 2026, 17:07","6 oct 2026, 18:07","","Seated Cable Row - V Grip (Cable)",,"",1,"normal",77,10,,,
"Espalda","6 oct 2026, 17:07","6 oct 2026, 18:07","","Seated Cable Row - V Grip (Cable)",,"",2,"normal",67,12,,,
"Espalda","6 oct 2026, 17:07","6 oct 2026, 18:07","","Seated Incline Curl (Dumbbell)",,"",0,"normal",10,10,,,
"Espalda","6 oct 2026, 17:07","6 oct 2026, 18:07","","Seated Incline Curl (Dumbbell)",,"",1,"normal",10,10,,,
"Espalda","6 oct 2026, 17:07","6 oct 2026, 18:07","","Seated Incline Curl (Dumbbell)",,"",2,"normal",10,10,,,
"Espalda","6 oct 2026, 17:07","6 oct 2026, 18:07","","Hammer Curl (Dumbbell)",,"",0,"normal",12,10,,,
"Espalda","6 oct 2026, 17:07","6 oct 2026, 18:07","","Hammer Curl (Dumbbell)",,"",1,"normal",12,10,,,
"Espalda","6 oct 2026, 17:07","6 oct 2026, 18:07","","Seated Row (Machine)",,"",0,"normal",55,10,,,
"Espalda","6 oct 2026, 17:07","6 oct 2026, 18:07","","Seated Row (Machine)",,"",1,"normal",55,10,,,
"Espalda","6 oct 2026, 17:07","6 oct 2026, 18:07","","Seated Row (Machine)",,"",2,"normal",55,10,,,
"Entrenamiento nocturno 🏋️","5 oct 2026, 19:49","5 oct 2026, 20:56","","Incline Bench Press (Smith Machine)",,"",0,"warmup",10,10,,,
"Entrenamiento nocturno 🏋️","5 oct 2026, 19:49","5 oct 2026, 20:56","","Incline Bench Press (Smith Machine)",,"",1,"warmup",15,5,,,
"Entrenamiento nocturno 🏋️","5 oct 2026, 19:49","5 oct 2026, 20:56","","Incline Bench Press (Smith Machine)",,"",2,"normal",20,10,,,
"Entrenamiento nocturno 🏋️","5 oct 2026, 19:49","5 oct 2026, 20:56","","Incline Bench Press (Smith Machine)",,"",3,"normal",25,10,,,
"Entrenamiento nocturno 🏋️","5 oct 2026, 19:49","5 oct 2026, 20:56","","Incline Bench Press (Smith Machine)",,"",4,"normal",27.5,8,,,
"Entrenamiento nocturno 🏋️","5 oct 2026, 19:49","5 oct 2026, 20:56","","Incline Chest Press (Machine)",,"",0,"normal",60,10,,,
"Entrenamiento nocturno 🏋️","5 oct 2026, 19:49","5 oct 2026, 20:56","","Incline Chest Press (Machine)",,"",1,"normal",65,10,,,
"Entrenamiento nocturno 🏋️","5 oct 2026, 19:49","5 oct 2026, 20:56","","Incline Chest Press (Machine)",,"",2,"normal",70,10,,,
"Entrenamiento nocturno 🏋️","5 oct 2026, 19:49","5 oct 2026, 20:56","","Lateral Raise (Machine)",,"",0,"normal",6.5,15,,,
"Entrenamiento nocturno 🏋️","5 oct 2026, 19:49","5 oct 2026, 20:56","","Lateral Raise (Machine)",,"",1,"normal",7.5,12,,,
"Entrenamiento nocturno 🏋️","5 oct 2026, 19:49","5 oct 2026, 20:56","","Lateral Raise (Machine)",,"",2,"normal",7.5,12,,,
"Entrenamiento nocturno 🏋️","5 oct 2026, 19:49","5 oct 2026, 20:56","","Shoulder Press (Machine Plates)",,"",0,"normal",15,10,,,
"Entrenamiento nocturno 🏋️","5 oct 2026, 19:49","5 oct 2026, 20:56","","Shoulder Press (Machine Plates)",,"",1,"normal",20,10,,,
"Entrenamiento nocturno 🏋️","5 oct 2026, 19:49","5 oct 2026, 20:56","","Shoulder Press (Machine Plates)",,"",2,"normal",25,10,,,
"Entrenamiento nocturno 🏋️","5 oct 2026, 19:49","5 oct 2026, 20:56","","Triceps Rope Pushdown",,"",0,"normal",21,10,,,
"Entrenamiento nocturno 🏋️","5 oct 2026, 19:49","5 oct 2026, 20:56","","Triceps Rope Pushdown",,"",1,"normal",17,10,,,
"Entrenamiento nocturno 🏋️","5 oct 2026, 19:49","5 oct 2026, 20:56","","Triceps Rope Pushdown",,"",2,"normal",17,10,,,
"Entrenamiento nocturno 🏋️","5 oct 2026, 19:49","5 oct 2026, 20:56","","Overhead Triceps Extension (Cable)",,"",0,"normal",21,10,,,
"Entrenamiento nocturno 🏋️","5 oct 2026, 19:49","5 oct 2026, 20:56","","Overhead Triceps Extension (Cable)",,"",1,"normal",21,10,,,
"Entrenamiento nocturno 🏋️","5 oct 2026, 19:49","5 oct 2026, 20:56","","Overhead Triceps Extension (Cable)",,"",2,"normal",21,10,,,
"Entrenamiento por la tarde 💪","30 sept 2026, 16:33","30 sept 2026, 17:41","","Chest Fly (Machine)",,"",0,"warmup",35,12,,,
"Entrenamiento por la tarde 💪","30 sept 2026, 16:33","30 sept 2026, 17:41","","Chest Fly (Machine)",,"",1,"normal",55,12,,,
"Entrenamiento por la tarde 💪","30 sept 2026, 16:33","30 sept 2026, 17:41","","Chest Fly (Machine)",,"",2,"normal",60,10,,,
"Entrenamiento por la tarde 💪","30 sept 2026, 16:33","30 sept 2026, 17:41","","Chest Fly (Machine)",,"",3,"normal",60,10,,,
"Entrenamiento por la tarde 💪","30 sept 2026, 16:33","30 sept 2026, 17:41","","Incline Bench Press (Smith Machine)",,"",0,"normal",20,10,,,
"Entrenamiento por la tarde 💪","30 sept 2026, 16:33","30 sept 2026, 17:41","","Incline Bench Press (Smith Machine)",,"",1,"normal",25,7,,,
"Entrenamiento por la tarde 💪","30 sept 2026, 16:33","30 sept 2026, 17:41","","Incline Bench Press (Smith Machine)",,"",2,"normal",25,6,,,
"Entrenamiento por la tarde 💪","30 sept 2026, 16:33","30 sept 2026, 17:41","","Bench Press (Dumbbell)",,"",0,"normal",28,10,,,
"Entrenamiento por la tarde 💪","30 sept 2026, 16:33","30 sept 2026, 17:41","","Bench Press (Dumbbell)",,"",1,"normal",28,10,,,
"Entrenamiento por la tarde 💪","30 sept 2026, 16:33","30 sept 2026, 17:41","","Bench Press (Dumbbell)",,"",2,"normal",26,10,,,
"Entrenamiento por la tarde 💪","30 sept 2026, 16:33","30 sept 2026, 17:41","","Single Arm Lateral Raise (Cable)",,"",0,"normal",8.75,10,,,
"Entrenamiento por la tarde 💪","30 sept 2026, 16:33","30 sept 2026, 17:41","","Single Arm Lateral Raise (Cable)",,"",1,"normal",10,10,,,
"Entrenamiento por la tarde 💪","30 sept 2026, 16:33","30 sept 2026, 17:41","","Single Arm Lateral Raise (Cable)",,"",2,"normal",10,10,,,
"Entrenamiento por la tarde 💪","30 sept 2026, 16:33","30 sept 2026, 17:41","","Triceps Pressdown",,"",0,"normal",24,10,,,
"Entrenamiento por la tarde 💪","30 sept 2026, 16:33","30 sept 2026, 17:41","","Triceps Pressdown",,"",1,"normal",28,10,,,
"Entrenamiento por la tarde 💪","30 sept 2026, 16:33","30 sept 2026, 17:41","","Triceps Pressdown",,"",2,"normal",28,10,,,
"Entrenamiento por la tarde 💪","30 sept 2026, 16:33","30 sept 2026, 17:41","","Overhead Triceps Extension (Cable)",,"",0,"normal",21,10,,,
"Entrenamiento por la tarde 💪","30 sept 2026, 16:33","30 sept 2026, 17:41","","Overhead Triceps Extension (Cable)",,"",1,"normal",21,10,,,
"Entrenamiento por la tarde 💪","30 sept 2026, 16:33","30 sept 2026, 17:41","","Overhead Triceps Extension (Cable)",,"",2,"normal",21,10,,,
"Entrenamiento nocturno 🏋️","18 sept 2026, 19:47","18 sept 2026, 20:47","","Squat (Machine)",,"",0,"normal",20,10,,,
"Entrenamiento nocturno 🏋️","18 sept 2026, 19:47","18 sept 2026, 20:47","","Squat (Machine)",,"",1,"normal",25,10,,,
"Entrenamiento nocturno 🏋️","18 sept 2026, 19:47","18 sept 2026, 20:47","","Squat (Machine)",,"",2,"normal",30,10,,,
"Entrenamiento nocturno 🏋️","18 sept 2026, 19:47","18 sept 2026, 20:47","","Squat (Machine)",,"",3,"normal",35,10,,,
"Entrenamiento nocturno 🏋️","18 sept 2026, 19:47","18 sept 2026, 20:47","","Leg Extension (Machine)",,"",0,"normal",45,10,,,
"Entrenamiento nocturno 🏋️","18 sept 2026, 19:47","18 sept 2026, 20:47","","Leg Extension (Machine)",,"",1,"normal",50,10,,,
"Entrenamiento nocturno 🏋️","18 sept 2026, 19:47","18 sept 2026, 20:47","","Leg Extension (Machine)",,"",2,"normal",55,12,,,
"Entrenamiento nocturno 🏋️","18 sept 2026, 19:47","18 sept 2026, 20:47","","Leg Extension (Machine)",,"",3,"normal",60,10,,,
"Entrenamiento nocturno 🏋️","18 sept 2026, 19:47","18 sept 2026, 20:47","","Lying Leg Curl (Machine)",,"",0,"normal",50,12,,,
"Entrenamiento nocturno 🏋️","18 sept 2026, 19:47","18 sept 2026, 20:47","","Lying Leg Curl (Machine)",,"",1,"normal",55,10,,,
"Entrenamiento nocturno 🏋️","18 sept 2026, 19:47","18 sept 2026, 20:47","","Lying Leg Curl (Machine)",,"",2,"normal",55,10,,,
"Entrenamiento nocturno 🏋️","18 sept 2026, 19:47","18 sept 2026, 20:47","","Single Arm Lateral Raise (Cable)",,"",0,"normal",8.75,10,,,
"Entrenamiento nocturno 🏋️","18 sept 2026, 19:47","18 sept 2026, 20:47","","Single Arm Lateral Raise (Cable)",,"",1,"normal",8.75,10,,,
"Entrenamiento nocturno 🏋️","18 sept 2026, 19:47","18 sept 2026, 20:47","","Single Arm Lateral Raise (Cable)",,"",2,"normal",8.75,10,,,
"Entrenamiento nocturno 🏋️","18 sept 2026, 19:47","18 sept 2026, 20:47","","Rear Delt Reverse Fly (Machine)",,"",0,"normal",35,12,,,
"Entrenamiento nocturno 🏋️","18 sept 2026, 19:47","18 sept 2026, 20:47","","Rear Delt Reverse Fly (Machine)",,"",1,"normal",40,12,,,
"Entrenamiento nocturno 🏋️","18 sept 2026, 19:47","18 sept 2026, 20:47","","Rear Delt Reverse Fly (Machine)",,"",2,"normal",40,12,,,
"Entrenamiento nocturno 🏋️","17 sept 2026, 18:40","17 sept 2026, 19:55","","Lat Pulldown (Cable)",,"",0,"warmup",33,10,,,
"Entrenamiento nocturno 🏋️","17 sept 2026, 18:40","17 sept 2026, 19:55","","Lat Pulldown (Cable)",,"",1,"normal",57,12,,,
"Entrenamiento nocturno 🏋️","17 sept 2026, 18:40","17 sept 2026, 19:55","","Lat Pulldown (Cable)",,"",2,"normal",67,11,,,
"Entrenamiento nocturno 🏋️","17 sept 2026, 18:40","17 sept 2026, 19:55","","Lat Pulldown (Cable)",,"",3,"normal",67,11,,,
"Entrenamiento nocturno 🏋️","17 sept 2026, 18:40","17 sept 2026, 19:55","","Seated Cable Row - Bar Wide Grip",,"",0,"normal",57,10,,,
"Entrenamiento nocturno 🏋️","17 sept 2026, 18:40","17 sept 2026, 19:55","","Seated Cable Row - Bar Wide Grip",,"",1,"normal",57,10,,,
"Entrenamiento nocturno 🏋️","17 sept 2026, 18:40","17 sept 2026, 19:55","","Seated Cable Row - Bar Wide Grip",,"",2,"normal",57,10,,,
"Entrenamiento nocturno 🏋️","17 sept 2026, 18:40","17 sept 2026, 19:55","","Straight Arm Lat Pulldown (Cable)",,"",0,"normal",21,10,,,
"Entrenamiento nocturno 🏋️","17 sept 2026, 18:40","17 sept 2026, 19:55","","Straight Arm Lat Pulldown (Cable)",,"",1,"normal",21,10,,,
"Entrenamiento nocturno 🏋️","17 sept 2026, 18:40","17 sept 2026, 19:55","","Straight Arm Lat Pulldown (Cable)",,"",2,"normal",21,10,,,
"Entrenamiento nocturno 🏋️","17 sept 2026, 18:40","17 sept 2026, 19:55","","Preacher Curl (Machine)",,"",0,"normal",46,10,,,
"Entrenamiento nocturno 🏋️","17 sept 2026, 18:40","17 sept 2026, 19:55","","Preacher Curl (Machine)",,"",1,"normal",53,10,,,
"Entrenamiento nocturno 🏋️","17 sept 2026, 18:40","17 sept 2026, 19:55","","Preacher Curl (Machine)",,"",2,"normal",53,8,,,
"Entrenamiento nocturno 🏋️","17 sept 2026, 18:40","17 sept 2026, 19:55","","Hammer Curl (Dumbbell)",,"",0,"normal",16,10,,,
"Entrenamiento nocturno 🏋️","17 sept 2026, 18:40","17 sept 2026, 19:55","","Hammer Curl (Dumbbell)",,"",1,"normal",16,10,,,
"Entrenamiento nocturno 🏋️","17 sept 2026, 18:40","17 sept 2026, 19:55","","Hammer Curl (Dumbbell)",,"",2,"normal",16,8,,,
"Entrenamiento por la tarde 💪","14 sept 2026, 16:39","14 sept 2026, 17:38","","Bench Press (Dumbbell)",,"",0,"warmup",20,10,,,
"Entrenamiento por la tarde 💪","14 sept 2026, 16:39","14 sept 2026, 17:38","","Bench Press (Dumbbell)",,"",1,"normal",30,10,,,
"Entrenamiento por la tarde 💪","14 sept 2026, 16:39","14 sept 2026, 17:38","","Bench Press (Dumbbell)",,"",2,"normal",34,10,,,
"Entrenamiento por la tarde 💪","14 sept 2026, 16:39","14 sept 2026, 17:38","","Bench Press (Dumbbell)",,"",3,"normal",34,8,,,
"Entrenamiento por la tarde 💪","14 sept 2026, 16:39","14 sept 2026, 17:38","","Seated Shoulder Press (Machine)",,"",0,"normal",25,10,,,
"Entrenamiento por la tarde 💪","14 sept 2026, 16:39","14 sept 2026, 17:38","","Seated Shoulder Press (Machine)",,"",1,"normal",30,10,,,
"Entrenamiento por la tarde 💪","14 sept 2026, 16:39","14 sept 2026, 17:38","","Seated Shoulder Press (Machine)",,"",2,"normal",30,10,,,
"Entrenamiento por la tarde 💪","14 sept 2026, 16:39","14 sept 2026, 17:38","","Chest Fly (Machine)",,"",0,"normal",45,10,,,
"Entrenamiento por la tarde 💪","14 sept 2026, 16:39","14 sept 2026, 17:38","","Chest Fly (Machine)",,"",1,"normal",55,10,,,
"Entrenamiento por la tarde 💪","14 sept 2026, 16:39","14 sept 2026, 17:38","","Chest Fly (Machine)",,"",2,"normal",57.5,10,,,
"Entrenamiento por la tarde 💪","14 sept 2026, 16:39","14 sept 2026, 17:38","","Incline Chest Press (Machine)",,"",0,"normal",60,10,,,
"Entrenamiento por la tarde 💪","14 sept 2026, 16:39","14 sept 2026, 17:38","","Incline Chest Press (Machine)",,"",1,"normal",65,10,,,
"Entrenamiento por la tarde 💪","14 sept 2026, 16:39","14 sept 2026, 17:38","","Incline Chest Press (Machine)",,"",2,"normal",70,10,,,
"Entrenamiento por la tarde 💪","14 sept 2026, 16:39","14 sept 2026, 17:38","","Lateral Raise (Machine)",,"",0,"normal",5,15,,,
"Entrenamiento por la tarde 💪","14 sept 2026, 16:39","14 sept 2026, 17:38","","Lateral Raise (Machine)",,"",1,"normal",7.5,10,,,
"Entrenamiento por la tarde 💪","14 sept 2026, 16:39","14 sept 2026, 17:38","","Lateral Raise (Machine)",,"",2,"normal",7.5,10,,,
"Entrenamiento por la tarde 💪","14 sept 2026, 16:39","14 sept 2026, 17:38","","Seated Dip Machine",,"",0,"normal",65,12,,,
"Entrenamiento por la tarde 💪","14 sept 2026, 16:39","14 sept 2026, 17:38","","Seated Dip Machine",,"",1,"normal",70,10,,,
"Entrenamiento por la tarde 💪","14 sept 2026, 16:39","14 sept 2026, 17:38","","Seated Dip Machine",,"",2,"normal",75,10,,,
"Espalda","10 sept 2026, 17:30","10 sept 2026, 18:22","","Seated Cable Row - V Grip (Cable)",,"",0,"normal",57,10,,,
"Espalda","10 sept 2026, 17:30","10 sept 2026, 18:22","","Seated Cable Row - V Grip (Cable)",,"",1,"normal",67,10,,,
"Espalda","10 sept 2026, 17:30","10 sept 2026, 18:22","","Seated Cable Row - V Grip (Cable)",,"",2,"normal",77,10,,,
"Espalda","10 sept 2026, 17:30","10 sept 2026, 18:22","","Behind the Back Curl (Cable)",,"",0,"normal",8,12,,,
"Espalda","10 sept 2026, 17:30","10 sept 2026, 18:22","","Behind the Back Curl (Cable)",,"",1,"normal",11,11,,,
"Espalda","10 sept 2026, 17:30","10 sept 2026, 18:22","","Behind the Back Curl (Cable)",,"",2,"normal",11,10,,,
"Espalda","10 sept 2026, 17:30","10 sept 2026, 18:22","","Preacher Curl (Machine)",,"",0,"normal",46,10,,,
"Espalda","10 sept 2026, 17:30","10 sept 2026, 18:22","","Preacher Curl (Machine)",,"",1,"normal",46,8,,,
"Espalda","10 sept 2026, 17:30","10 sept 2026, 18:22","","Hammer Curl (Dumbbell)",,"",0,"normal",16,10,,,
"Espalda","10 sept 2026, 17:30","10 sept 2026, 18:22","","Hammer Curl (Dumbbell)",,"",1,"normal",16,10,,,
"Espalda","10 sept 2026, 17:30","10 sept 2026, 18:22","","Lat Pulldown (Machine)",,"",0,"normal",65,12,,,
"Espalda","10 sept 2026, 17:30","10 sept 2026, 18:22","","Lat Pulldown (Machine)",,"",1,"normal",75,10,,,
"Espalda","10 sept 2026, 17:30","10 sept 2026, 18:22","","Lat Pulldown (Machine)",,"",2,"normal",75,10,,,
"Espalda","4 sept 2026, 16:58","4 sept 2026, 17:54","","Lat Pulldown (Cable)",,"",0,"normal",47,12,,,
"Espalda","4 sept 2026, 16:58","4 sept 2026, 17:54","","Lat Pulldown (Cable)",,"",1,"normal",47,11,,,
"Espalda","4 sept 2026, 16:58","4 sept 2026, 17:54","","Lat Pulldown (Cable)",,"",2,"normal",57,11,,,
"Espalda","4 sept 2026, 16:58","4 sept 2026, 17:54","","Seated Cable Row - Bar Wide Grip",,"",0,"normal",57,10,,,
"Espalda","4 sept 2026, 16:58","4 sept 2026, 17:54","","Seated Cable Row - Bar Wide Grip",,"",1,"normal",57,10,,,
"Espalda","4 sept 2026, 16:58","4 sept 2026, 17:54","","Seated Cable Row - Bar Wide Grip",,"",2,"normal",57,10,,,
"Espalda","4 sept 2026, 16:58","4 sept 2026, 17:54","","Seated Cable Row - V Grip (Cable)",,"",0,"normal",67,10,,,
"Espalda","4 sept 2026, 16:58","4 sept 2026, 17:54","","Seated Cable Row - V Grip (Cable)",,"",1,"normal",67,10,,,
"Espalda","4 sept 2026, 16:58","4 sept 2026, 17:54","","Straight Arm Lat Pulldown (Cable)",,"",0,"normal",21,10,,,
"Espalda","4 sept 2026, 16:58","4 sept 2026, 17:54","","Straight Arm Lat Pulldown (Cable)",,"",1,"normal",21,10,,,
"Espalda","4 sept 2026, 16:58","4 sept 2026, 17:54","","Straight Arm Lat Pulldown (Cable)",,"",2,"normal",21,10,,,
"Espalda","4 sept 2026, 16:58","4 sept 2026, 17:54","","Straight Arm Lat Pulldown (Cable)",,"",3,"normal",21,10,,,
"Espalda","4 sept 2026, 16:58","4 sept 2026, 17:54","","Behind the Back Curl (Cable)",,"",0,"normal",8,12,,,
"Espalda","4 sept 2026, 16:58","4 sept 2026, 17:54","","Behind the Back Curl (Cable)",,"",1,"normal",11,11,,,
"Espalda","4 sept 2026, 16:58","4 sept 2026, 17:54","","Behind the Back Curl (Cable)",,"",2,"normal",11,10,,,
"Espalda","4 sept 2026, 16:58","4 sept 2026, 17:54","","Preacher Curl (Machine)",,"",0,"normal",39,10,,,
"Espalda","4 sept 2026, 16:58","4 sept 2026, 17:54","","Preacher Curl (Machine)",,"",1,"normal",46,8,,,
"Espalda","4 sept 2026, 16:58","4 sept 2026, 17:54","","Hammer Curl (Dumbbell)",,"",0,"normal",10,10,,,
"Espalda","4 sept 2026, 16:58","4 sept 2026, 17:54","","Hammer Curl (Dumbbell)",,"",1,"normal",10,10,,,
"Entrenamiento por la tarde 💪","3 sept 2026, 17:28","3 sept 2026, 18:19","","Romanian Deadlift (Barbell)",,"",0,"warmup",,15,,,
"Entrenamiento por la tarde 💪","3 sept 2026, 17:28","3 sept 2026, 18:19","","Romanian Deadlift (Barbell)",,"",1,"normal",20,10,,,
"Entrenamiento por la tarde 💪","3 sept 2026, 17:28","3 sept 2026, 18:19","","Romanian Deadlift (Barbell)",,"",2,"normal",20,10,,,
"Entrenamiento por la tarde 💪","3 sept 2026, 17:28","3 sept 2026, 18:19","","Romanian Deadlift (Barbell)",,"",3,"normal",20,10,,,
"Entrenamiento por la tarde 💪","3 sept 2026, 17:28","3 sept 2026, 18:19","","Leg Extension (Machine)",,"",0,"normal",45,12,,,
"Entrenamiento por la tarde 💪","3 sept 2026, 17:28","3 sept 2026, 18:19","","Leg Extension (Machine)",,"",1,"normal",55,12,,,
"Entrenamiento por la tarde 💪","3 sept 2026, 17:28","3 sept 2026, 18:19","","Leg Extension (Machine)",,"",2,"normal",55,12,,,
"Entrenamiento por la tarde 💪","3 sept 2026, 17:28","3 sept 2026, 18:19","","Leg Extension (Machine)",,"",3,"normal",60,10,,,
"Entrenamiento por la tarde 💪","3 sept 2026, 17:28","3 sept 2026, 18:19","","Hack Squat (Machine)",,"",0,"normal",15,10,,,
"Entrenamiento por la tarde 💪","3 sept 2026, 17:28","3 sept 2026, 18:19","","Hack Squat (Machine)",,"",1,"normal",15,10,,,
"Entrenamiento por la tarde 💪","3 sept 2026, 17:28","3 sept 2026, 18:19","","Hack Squat (Machine)",,"",2,"normal",15,10,,,
"Entrenamiento por la tarde 💪","3 sept 2026, 17:28","3 sept 2026, 18:19","","Seated Calf Raise",,"",0,"normal",20,15,,,
"Entrenamiento por la tarde 💪","3 sept 2026, 17:28","3 sept 2026, 18:19","","Seated Calf Raise",,"",1,"normal",20,15,,,
"Entrenamiento por la tarde 💪","3 sept 2026, 17:28","3 sept 2026, 18:19","","Seated Calf Raise",,"",2,"normal",20,15,,,
"Entrenamiento por la tarde 💪","3 sept 2026, 17:28","3 sept 2026, 18:19","","Seated Calf Raise",,"",3,"normal",20,15,,,
"Entrenamiento por la tarde 💪","2 sept 2026, 17:56","2 sept 2026, 18:56","","Bench Press (Dumbbell)",,"",0,"warmup",18,12,,,
"Entrenamiento por la tarde 💪","2 sept 2026, 17:56","2 sept 2026, 18:56","","Bench Press (Dumbbell)",,"",1,"normal",26,10,,,
"Entrenamiento por la tarde 💪","2 sept 2026, 17:56","2 sept 2026, 18:56","","Bench Press (Dumbbell)",,"",2,"normal",28,10,,,
"Entrenamiento por la tarde 💪","2 sept 2026, 17:56","2 sept 2026, 18:56","","Bench Press (Dumbbell)",,"",3,"normal",30,8,,,
"Entrenamiento por la tarde 💪","2 sept 2026, 17:56","2 sept 2026, 18:56","","Incline Chest Press (Machine)",,"",0,"normal",45,10,,,
"Entrenamiento por la tarde 💪","2 sept 2026, 17:56","2 sept 2026, 18:56","","Incline Chest Press (Machine)",,"",1,"normal",45,10,,,
"Entrenamiento por la tarde 💪","2 sept 2026, 17:56","2 sept 2026, 18:56","","Incline Chest Press (Machine)",,"",2,"normal",55,10,,,
"Entrenamiento por la tarde 💪","2 sept 2026, 17:56","2 sept 2026, 18:56","","Incline Chest Press (Machine)",,"",3,"normal",60,10,,,
"Entrenamiento por la tarde 💪","2 sept 2026, 17:56","2 sept 2026, 18:56","","Cable Fly Crossovers",,"",0,"normal",16.25,10,,,
"Entrenamiento por la tarde 💪","2 sept 2026, 17:56","2 sept 2026, 18:56","","Cable Fly Crossovers",,"",1,"normal",18.75,10,,,
"Entrenamiento por la tarde 💪","2 sept 2026, 17:56","2 sept 2026, 18:56","","Cable Fly Crossovers",,"",2,"normal",18.75,10,,,
"Entrenamiento por la tarde 💪","2 sept 2026, 17:56","2 sept 2026, 18:56","","Low Cable Fly Crossovers",,"",0,"normal",8.75,10,,,
"Entrenamiento por la tarde 💪","2 sept 2026, 17:56","2 sept 2026, 18:56","","Low Cable Fly Crossovers",,"",1,"normal",8.75,10,,,
"Entrenamiento por la tarde 💪","2 sept 2026, 17:56","2 sept 2026, 18:56","","Low Cable Fly Crossovers",,"",2,"normal",8.75,10,,,
"Entrenamiento por la tarde 💪","2 sept 2026, 17:56","2 sept 2026, 18:56","","Chest Fly (Machine)",,"",0,"normal",35,10,,,
"Entrenamiento por la tarde 💪","2 sept 2026, 17:56","2 sept 2026, 18:56","","Chest Fly (Machine)",,"",1,"normal",45,10,,,
"Entrenamiento por la tarde 💪","2 sept 2026, 17:56","2 sept 2026, 18:56","","Chest Fly (Machine)",,"",2,"normal",55,10,,,
"Entrenamiento por la tarde 💪","2 sept 2026, 17:56","2 sept 2026, 18:56","","Triceps Dip",,"",0,"normal",,10,,,
"Entrenamiento por la tarde 💪","2 sept 2026, 17:56","2 sept 2026, 18:56","","Triceps Dip",,"",1,"normal",,10,,,
"Entrenamiento por la tarde 💪","2 sept 2026, 17:56","2 sept 2026, 18:56","","Triceps Dip",,"",2,"normal",,10,,,
"Entrenamiento por la tarde 💪","2 sept 2026, 17:56","2 sept 2026, 18:56","","Triceps Pressdown",,"",0,"normal",24,10,,,
"Entrenamiento por la tarde 💪","2 sept 2026, 17:56","2 sept 2026, 18:56","","Triceps Pressdown",,"",1,"normal",24,10,,,
"Entrenamiento por la tarde 💪","2 sept 2026, 17:56","2 sept 2026, 18:56","","Triceps Pressdown",,"",2,"normal",24,10,,,
"Entrenamiento por la tarde 💪","26 ago 2026, 17:03","26 ago 2026, 17:44","","Chest Fly (Machine)",,"",0,"warmup",35,10,,,
"Entrenamiento por la tarde 💪","26 ago 2026, 17:03","26 ago 2026, 17:44","","Chest Fly (Machine)",,"",1,"normal",45,10,,,
"Entrenamiento por la tarde 💪","26 ago 2026, 17:03","26 ago 2026, 17:44","","Chest Fly (Machine)",,"",2,"normal",45,10,,,
"Entrenamiento por la tarde 💪","26 ago 2026, 17:03","26 ago 2026, 17:44","","Chest Fly (Machine)",,"",3,"normal",50,10,,,
"Entrenamiento por la tarde 💪","26 ago 2026, 17:03","26 ago 2026, 17:44","","Lat Pulldown (Cable)",,"",0,"normal",47,10,,,
"Entrenamiento por la tarde 💪","26 ago 2026, 17:03","26 ago 2026, 17:44","","Lat Pulldown (Cable)",,"",1,"normal",47,10,,,
"Entrenamiento por la tarde 💪","26 ago 2026, 17:03","26 ago 2026, 17:44","","Lat Pulldown (Cable)",,"",2,"normal",47,10,,,
"Entrenamiento por la tarde 💪","26 ago 2026, 17:03","26 ago 2026, 17:44","","Single Arm Lateral Raise (Cable)",,"",0,"normal",5,12,,,
"Entrenamiento por la tarde 💪","26 ago 2026, 17:03","26 ago 2026, 17:44","","Single Arm Lateral Raise (Cable)",,"",1,"normal",7.5,10,,,
"Entrenamiento por la tarde 💪","26 ago 2026, 17:03","26 ago 2026, 17:44","","Single Arm Lateral Raise (Cable)",,"",2,"normal",7.5,10,,,
"Entrenamiento por la tarde 💪","26 ago 2026, 17:03","26 ago 2026, 17:44","","Single Arm Triceps Pushdown (Cable)",,"",0,"normal",7.5,10,,,
"Entrenamiento por la tarde 💪","26 ago 2026, 17:03","26 ago 2026, 17:44","","Single Arm Triceps Pushdown (Cable)",,"",1,"normal",7.5,10,,,
"Entrenamiento por la tarde 💪","26 ago 2026, 17:03","26 ago 2026, 17:44","","Single Arm Triceps Pushdown (Cable)",,"",2,"normal",7.5,10,,,
"Entrenamiento por la tarde 💪","26 ago 2026, 17:03","26 ago 2026, 17:44","","Rope Cable Curl",,"",0,"normal",17.5,12,,,
"Entrenamiento por la tarde 💪","26 ago 2026, 17:03","26 ago 2026, 17:44","","Rope Cable Curl",,"",1,"normal",21,10,,,
"Entrenamiento por la tarde 💪","26 ago 2026, 17:03","26 ago 2026, 17:44","","Rope Cable Curl",,"",2,"normal",21,10,,,
"Entrenamiento por la tarde 💪","26 ago 2026, 17:03","26 ago 2026, 17:44","","Rope Cable Curl",,"",3,"normal",21,10,,,
"Entrenamiento por la tarde 💪","25 ago 2026, 17:28","25 ago 2026, 18:18","","Bench Press (Dumbbell)",,"",0,"warmup",16,10,,,
"Entrenamiento por la tarde 💪","25 ago 2026, 17:28","25 ago 2026, 18:18","","Bench Press (Dumbbell)",,"",1,"normal",24,10,,,
"Entrenamiento por la tarde 💪","25 ago 2026, 17:28","25 ago 2026, 18:18","","Bench Press (Dumbbell)",,"",2,"normal",24,10,,,
"Entrenamiento por la tarde 💪","25 ago 2026, 17:28","25 ago 2026, 18:18","","Bench Press (Dumbbell)",,"",3,"normal",26,10,,,
"Entrenamiento por la tarde 💪","25 ago 2026, 17:28","25 ago 2026, 18:18","","Seated Shoulder Press (Machine)",,"",0,"normal",15,10,,,
"Entrenamiento por la tarde 💪","25 ago 2026, 17:28","25 ago 2026, 18:18","","Seated Shoulder Press (Machine)",,"",1,"normal",25,10,,,
"Entrenamiento por la tarde 💪","25 ago 2026, 17:28","25 ago 2026, 18:18","","Seated Shoulder Press (Machine)",,"",2,"normal",25,10,,,
"Entrenamiento por la tarde 💪","25 ago 2026, 17:28","25 ago 2026, 18:18","","Seated Row (Machine)",,"",0,"normal",55,10,,,
"Entrenamiento por la tarde 💪","25 ago 2026, 17:28","25 ago 2026, 18:18","","Seated Row (Machine)",,"",1,"normal",55,10,,,
"Entrenamiento por la tarde 💪","25 ago 2026, 17:28","25 ago 2026, 18:18","","Seated Row (Machine)",,"",2,"normal",55,10,,,
"Entrenamiento por la tarde 💪","25 ago 2026, 17:28","25 ago 2026, 18:18","","Seated Dip Machine",,"",0,"normal",62.5,10,,,
"Entrenamiento por la tarde 💪","25 ago 2026, 17:28","25 ago 2026, 18:18","","Seated Dip Machine",,"",1,"normal",65,10,,,
"Entrenamiento por la tarde 💪","25 ago 2026, 17:28","25 ago 2026, 18:18","","Seated Dip Machine",,"",2,"normal",65,10,,,
"Entrenamiento por la tarde 💪","25 ago 2026, 17:28","25 ago 2026, 18:18","","Seated Dip Machine",,"",3,"normal",70,10,,,
"Entrenamiento por la tarde 💪","25 ago 2026, 17:28","25 ago 2026, 18:18","","Zottman Curl (Dumbbell)",,"",0,"normal",8,10,,,
"Entrenamiento por la tarde 💪","25 ago 2026, 17:28","25 ago 2026, 18:18","","Zottman Curl (Dumbbell)",,"",1,"normal",8,10,,,
"Entrenamiento por la tarde 💪","25 ago 2026, 17:28","25 ago 2026, 18:18","","Zottman Curl (Dumbbell)",,"",2,"normal",8,8,,,
"Entrenamiento por la tarde 💪","10 jun 2026, 17:02","10 jun 2026, 18:13","","Rope Straight Arm Pulldown",,"",0,"normal",21,12,,,
"Entrenamiento por la tarde 💪","10 jun 2026, 17:02","10 jun 2026, 18:13","","Rope Straight Arm Pulldown",,"",1,"normal",21,12,,,
"Entrenamiento por la tarde 💪","10 jun 2026, 17:02","10 jun 2026, 18:13","","Rope Straight Arm Pulldown",,"",2,"normal",21,8,,,
"Entrenamiento por la tarde 💪","10 jun 2026, 17:02","10 jun 2026, 18:13","","Lat Pulldown (Machine)",,"",0,"normal",65,12,,,
"Entrenamiento por la tarde 💪","10 jun 2026, 17:02","10 jun 2026, 18:13","","Lat Pulldown (Machine)",,"",1,"normal",75,8,,,
"Entrenamiento por la tarde 💪","10 jun 2026, 17:02","10 jun 2026, 18:13","","Lat Pulldown (Machine)",,"",2,"normal",80,8,,,
"Entrenamiento por la tarde 💪","10 jun 2026, 17:02","10 jun 2026, 18:13","","Iso-Lateral Row (Machine)",,"",0,"normal",60,10,,,
"Entrenamiento por la tarde 💪","10 jun 2026, 17:02","10 jun 2026, 18:13","","Iso-Lateral Row (Machine)",,"",1,"normal",60,10,,,
"Entrenamiento por la tarde 💪","10 jun 2026, 17:02","10 jun 2026, 18:13","","Iso-Lateral Row (Machine)",,"",2,"normal",60,8,,,
"Entrenamiento por la tarde 💪","10 jun 2026, 17:02","10 jun 2026, 18:13","","Preacher Curl (Machine)",,"",0,"normal",46,12,,,
"Entrenamiento por la tarde 💪","10 jun 2026, 17:02","10 jun 2026, 18:13","","Preacher Curl (Machine)",,"",1,"normal",53,10,,,
"Entrenamiento por la tarde 💪","10 jun 2026, 17:02","10 jun 2026, 18:13","","Preacher Curl (Machine)",,"",2,"normal",60,8,,,
"Entrenamiento por la tarde 💪","10 jun 2026, 17:02","10 jun 2026, 18:13","","Preacher Curl (Machine)",,"",3,"normal",60,6,,,
"Entrenamiento por la tarde 💪","10 jun 2026, 17:02","10 jun 2026, 18:13","","Preacher Curl (Machine)",,"",4,"dropset",32,8,,,
"Entrenamiento por la tarde 💪","10 jun 2026, 17:02","10 jun 2026, 18:13","","Hammer Curl (Dumbbell)",,"",0,"normal",18,10,,,
"Entrenamiento por la tarde 💪","10 jun 2026, 17:02","10 jun 2026, 18:13","","Hammer Curl (Dumbbell)",,"",1,"normal",18,10,,,
"Entrenamiento por la tarde 💪","10 jun 2026, 17:02","10 jun 2026, 18:13","","Hammer Curl (Dumbbell)",,"",2,"normal",18,8,,,
"Entrenamiento por la tarde 💪","10 jun 2026, 17:02","10 jun 2026, 18:13","","Zottman Curl (Dumbbell)",,"",0,"normal",8,10,,,
"Entrenamiento por la tarde 💪","10 jun 2026, 17:02","10 jun 2026, 18:13","","Zottman Curl (Dumbbell)",,"",1,"normal",8,10,,,
"Entrenamiento por la tarde 💪","10 jun 2026, 17:02","10 jun 2026, 18:13","","Zottman Curl (Dumbbell)",,"",2,"normal",8,10,,,
"Entrenamiento por la tarde 💪","9 jun 2026, 17:53","9 jun 2026, 18:32","","Chest Dip",,"",0,"normal",,12,,,
"Entrenamiento por la tarde 💪","9 jun 2026, 17:53","9 jun 2026, 18:32","","Chest Dip",,"",1,"normal",,12,,,
"Entrenamiento por la tarde 💪","9 jun 2026, 17:53","9 jun 2026, 18:32","","Chest Dip",,"",2,"normal",,12,,,
"Entrenamiento por la tarde 💪","9 jun 2026, 17:53","9 jun 2026, 18:32","","Leg Raise Parallel Bars",,"",0,"normal",,15,,,
"Entrenamiento por la tarde 💪","9 jun 2026, 17:53","9 jun 2026, 18:32","","Leg Raise Parallel Bars",,"",1,"normal",,15,,,
"Entrenamiento por la tarde 💪","9 jun 2026, 17:53","9 jun 2026, 18:32","","Leg Raise Parallel Bars",,"",2,"normal",,15,,,
"Entrenamiento por la tarde 💪","9 jun 2026, 17:53","9 jun 2026, 18:32","","Back Extension (Weighted Hyperextension)",,"",0,"normal",10,10,,,
"Entrenamiento por la tarde 💪","9 jun 2026, 17:53","9 jun 2026, 18:32","","Back Extension (Weighted Hyperextension)",,"",1,"normal",10,10,,,
"Entrenamiento por la tarde 💪","9 jun 2026, 17:53","9 jun 2026, 18:32","","Back Extension (Weighted Hyperextension)",,"",2,"normal",10,10,,,
"Entrenamiento por la tarde 💪","9 jun 2026, 17:53","9 jun 2026, 18:32","","Crunch (Machine)",,"",0,"normal",45,12,,,
"Entrenamiento por la tarde 💪","9 jun 2026, 17:53","9 jun 2026, 18:32","","Crunch (Machine)",,"",1,"normal",45,12,,,
"Entrenamiento por la tarde 💪","9 jun 2026, 17:53","9 jun 2026, 18:32","","Crunch (Machine)",,"",2,"normal",45,12,,,
"Entrenamiento por la tarde 💪","8 jun 2026, 19:42","8 jun 2026, 20:47","","Bench Press (Dumbbell)",,"",0,"warmup",20,10,,,
"Entrenamiento por la tarde 💪","8 jun 2026, 19:42","8 jun 2026, 20:47","","Bench Press (Dumbbell)",,"",1,"normal",30,10,,,
"Entrenamiento por la tarde 💪","8 jun 2026, 19:42","8 jun 2026, 20:47","","Bench Press (Dumbbell)",,"",2,"normal",34,10,,,
"Entrenamiento por la tarde 💪","8 jun 2026, 19:42","8 jun 2026, 20:47","","Bench Press (Dumbbell)",,"",3,"normal",36,8,,,
"Entrenamiento por la tarde 💪","8 jun 2026, 19:42","8 jun 2026, 20:47","","Chest Fly (Machine)",,"",0,"normal",55,10,,,
"Entrenamiento por la tarde 💪","8 jun 2026, 19:42","8 jun 2026, 20:47","","Chest Fly (Machine)",,"",1,"normal",60,10,,,
"Entrenamiento por la tarde 💪","8 jun 2026, 19:42","8 jun 2026, 20:47","","Chest Fly (Machine)",,"",2,"normal",60,10,,,
"Entrenamiento por la tarde 💪","8 jun 2026, 19:42","8 jun 2026, 20:47","","Chest Fly (Machine)",,"",3,"normal",65,8,,,
"Entrenamiento por la tarde 💪","8 jun 2026, 19:42","8 jun 2026, 20:47","","Incline Chest Press (Machine)",,"",0,"normal",55,10,,,
"Entrenamiento por la tarde 💪","8 jun 2026, 19:42","8 jun 2026, 20:47","","Incline Chest Press (Machine)",,"",1,"normal",70,8,,,
"Entrenamiento por la tarde 💪","8 jun 2026, 19:42","8 jun 2026, 20:47","","Incline Chest Press (Machine)",,"",2,"normal",70,8,,,
"Entrenamiento por la tarde 💪","8 jun 2026, 19:42","8 jun 2026, 20:47","","Overhead Triceps Extension (Cable)",,"",0,"normal",21,10,,,
"Entrenamiento por la tarde 💪","8 jun 2026, 19:42","8 jun 2026, 20:47","","Overhead Triceps Extension (Cable)",,"",1,"normal",21,10,,,
"Entrenamiento por la tarde 💪","8 jun 2026, 19:42","8 jun 2026, 20:47","","Overhead Triceps Extension (Cable)",,"",2,"normal",21,10,,,
"Entrenamiento por la tarde 💪","8 jun 2026, 19:42","8 jun 2026, 20:47","","Single Arm Lateral Raise (Cable)",,"",0,"normal",10,10,,,
"Entrenamiento por la tarde 💪","8 jun 2026, 19:42","8 jun 2026, 20:47","","Single Arm Lateral Raise (Cable)",,"",1,"normal",10,10,,,
"Entrenamiento por la tarde 💪","8 jun 2026, 19:42","8 jun 2026, 20:47","","Single Arm Lateral Raise (Cable)",,"",2,"normal",10,8,,,
"Entrenamiento nocturno 🏋️","1 jun 2026, 19:19","1 jun 2026, 20:15","","Incline Chest Press (Machine)",,"",0,"warmup",45,10,,,
"Entrenamiento nocturno 🏋️","1 jun 2026, 19:19","1 jun 2026, 20:15","","Incline Chest Press (Machine)",,"",1,"normal",75,10,,,
"Entrenamiento nocturno 🏋️","1 jun 2026, 19:19","1 jun 2026, 20:15","","Incline Chest Press (Machine)",,"",2,"normal",80,10,,,
"Entrenamiento nocturno 🏋️","1 jun 2026, 19:19","1 jun 2026, 20:15","","Incline Chest Press (Machine)",,"",3,"normal",80,10,,,
"Entrenamiento nocturno 🏋️","1 jun 2026, 19:19","1 jun 2026, 20:15","","Chest Fly (Machine)",,"",0,"normal",55,10,,,
"Entrenamiento nocturno 🏋️","1 jun 2026, 19:19","1 jun 2026, 20:15","","Chest Fly (Machine)",,"",1,"normal",60,10,,,
"Entrenamiento nocturno 🏋️","1 jun 2026, 19:19","1 jun 2026, 20:15","","Chest Fly (Machine)",,"",2,"normal",65,10,,,
"Entrenamiento nocturno 🏋️","1 jun 2026, 19:19","1 jun 2026, 20:15","","Decline Bench Press (Machine)",,"",0,"normal",35,12,,,
"Entrenamiento nocturno 🏋️","1 jun 2026, 19:19","1 jun 2026, 20:15","","Decline Bench Press (Machine)",,"",1,"normal",45,10,,,
"Entrenamiento nocturno 🏋️","1 jun 2026, 19:19","1 jun 2026, 20:15","","Decline Bench Press (Machine)",,"",2,"normal",50,10,,,
"Entrenamiento nocturno 🏋️","1 jun 2026, 19:19","1 jun 2026, 20:15","","Decline Bench Press (Machine)",,"",3,"normal",50,10,,,
"Entrenamiento nocturno 🏋️","1 jun 2026, 19:19","1 jun 2026, 20:15","","Decline Bench Press (Machine)",,"",4,"dropset",20,15,,,
"Entrenamiento nocturno 🏋️","1 jun 2026, 19:19","1 jun 2026, 20:15","","Overhead Triceps Extension (Cable)",,"",0,"normal",18,10,,,
"Entrenamiento nocturno 🏋️","1 jun 2026, 19:19","1 jun 2026, 20:15","","Overhead Triceps Extension (Cable)",,"",1,"normal",21,10,,,
"Entrenamiento nocturno 🏋️","1 jun 2026, 19:19","1 jun 2026, 20:15","","Overhead Triceps Extension (Cable)",,"",2,"normal",21,10,,,
"Entrenamiento nocturno 🏋️","1 jun 2026, 19:19","1 jun 2026, 20:15","","Triceps Pressdown",,"",0,"normal",31.5,10,,,
"Entrenamiento nocturno 🏋️","1 jun 2026, 19:19","1 jun 2026, 20:15","","Triceps Pressdown",,"",1,"normal",31.5,10,,,
"Entrenamiento nocturno 🏋️","1 jun 2026, 19:19","1 jun 2026, 20:15","","Triceps Pressdown",,"",2,"normal",31.5,10,,,
"Entrenamiento Matutino ☀️","28 abr 2026, 19:37","28 abr 2026, 20:52","","Lat Pulldown (Machine)",,"",0,"warmup",45,10,,,
"Entrenamiento Matutino ☀️","28 abr 2026, 19:37","28 abr 2026, 20:52","","Lat Pulldown (Machine)",,"",1,"normal",80,10,,,
"Entrenamiento Matutino ☀️","28 abr 2026, 19:37","28 abr 2026, 20:52","","Lat Pulldown (Machine)",,"",2,"normal",85,10,,,
"Entrenamiento Matutino ☀️","28 abr 2026, 19:37","28 abr 2026, 20:52","","Lat Pulldown (Machine)",,"",3,"normal",90,8,,,
"Entrenamiento Matutino ☀️","28 abr 2026, 19:37","28 abr 2026, 20:52","","Chest Fly (Machine)",,"",0,"warmup",45,10,,,
"Entrenamiento Matutino ☀️","28 abr 2026, 19:37","28 abr 2026, 20:52","","Chest Fly (Machine)",,"",1,"normal",70,10,,,
"Entrenamiento Matutino ☀️","28 abr 2026, 19:37","28 abr 2026, 20:52","","Chest Fly (Machine)",,"",2,"normal",80,8,,,
"Entrenamiento Matutino ☀️","28 abr 2026, 19:37","28 abr 2026, 20:52","","Chest Fly (Machine)",,"",3,"normal",75,10,,,
"Entrenamiento Matutino ☀️","28 abr 2026, 19:37","28 abr 2026, 20:52","","Seated Row (Machine)",,"",0,"normal",75,10,,,
"Entrenamiento Matutino ☀️","28 abr 2026, 19:37","28 abr 2026, 20:52","","Seated Row (Machine)",,"",1,"normal",75,10,,,
"Entrenamiento Matutino ☀️","28 abr 2026, 19:37","28 abr 2026, 20:52","","Seated Row (Machine)",,"",2,"normal",75,10,,,
"Entrenamiento Matutino ☀️","28 abr 2026, 19:37","28 abr 2026, 20:52","","Triceps Pressdown",,"",0,"normal",31.5,10,,,
"Entrenamiento Matutino ☀️","28 abr 2026, 19:37","28 abr 2026, 20:52","","Triceps Pressdown",,"",1,"normal",31.5,10,,,
"Entrenamiento Matutino ☀️","28 abr 2026, 19:37","28 abr 2026, 20:52","","Triceps Pressdown",,"",2,"normal",31.5,10,,,
"Entrenamiento Matutino ☀️","28 abr 2026, 19:37","28 abr 2026, 20:52","","Bicep Curl (Cable)",,"",0,"normal",28,10,,,
"Entrenamiento Matutino ☀️","28 abr 2026, 19:37","28 abr 2026, 20:52","","Bicep Curl (Cable)",,"",1,"normal",28,10,,,
"Entrenamiento Matutino ☀️","28 abr 2026, 19:37","28 abr 2026, 20:52","","Bicep Curl (Cable)",,"",2,"normal",28,10,,,
"Entrenamiento Matutino ☀️","28 abr 2026, 19:37","28 abr 2026, 20:52","","Seated Shoulder Press (Machine)",,"",0,"normal",25,10,,,
"Entrenamiento Matutino ☀️","28 abr 2026, 19:37","28 abr 2026, 20:52","","Seated Shoulder Press (Machine)",,"",1,"normal",35,10,,,
"Entrenamiento Matutino ☀️","28 abr 2026, 19:37","28 abr 2026, 20:52","","Seated Shoulder Press (Machine)",,"",2,"normal",35,10,,,
"Entrenamiento nocturno 🏋️","20 abr 2026, 20:07","20 abr 2026, 21:05","","Chin Up (Weighted)",,"",0,"normal",,10,,,
"Entrenamiento nocturno 🏋️","20 abr 2026, 20:07","20 abr 2026, 21:05","","Chin Up (Weighted)",,"",1,"normal",10,6,,,
"Entrenamiento nocturno 🏋️","20 abr 2026, 20:07","20 abr 2026, 21:05","","Chin Up (Weighted)",,"",2,"normal",,8,,,
"Entrenamiento nocturno 🏋️","20 abr 2026, 20:07","20 abr 2026, 21:05","","Iso-Lateral Row (Machine)",,"",0,"normal",60,10,,,
"Entrenamiento nocturno 🏋️","20 abr 2026, 20:07","20 abr 2026, 21:05","","Iso-Lateral Row (Machine)",,"",1,"normal",65,10,,,
"Entrenamiento nocturno 🏋️","20 abr 2026, 20:07","20 abr 2026, 21:05","","Iso-Lateral Row (Machine)",,"",2,"normal",70,8,,,
"Entrenamiento nocturno 🏋️","20 abr 2026, 20:07","20 abr 2026, 21:05","","Preacher Curl (Barbell)",,"",0,"normal",10,10,,,
"Entrenamiento nocturno 🏋️","20 abr 2026, 20:07","20 abr 2026, 21:05","","Preacher Curl (Barbell)",,"",1,"normal",12.5,8,,,
"Entrenamiento nocturno 🏋️","20 abr 2026, 20:07","20 abr 2026, 21:05","","Preacher Curl (Barbell)",,"",2,"normal",10,8,,,
"Entrenamiento nocturno 🏋️","20 abr 2026, 20:07","20 abr 2026, 21:05","","Hammer Curl (Dumbbell)",,"",0,"normal",18,10,,,
"Entrenamiento nocturno 🏋️","20 abr 2026, 20:07","20 abr 2026, 21:05","","Hammer Curl (Dumbbell)",,"",1,"normal",20,10,,,
"Entrenamiento nocturno 🏋️","20 abr 2026, 20:07","20 abr 2026, 21:05","","Hammer Curl (Dumbbell)",,"",2,"normal",20,8,,,
"Entrenamiento nocturno 🏋️","20 abr 2026, 20:07","20 abr 2026, 21:05","","Hammer Curl (Dumbbell)",,"",3,"dropset",10,8,,,
"Entrenamiento nocturno 🏋️","17 abr 2026, 16:12","17 abr 2026, 17:12","","Lat Pulldown (Machine)",,"",0,"warmup",35,10,,,
"Entrenamiento nocturno 🏋️","17 abr 2026, 16:12","17 abr 2026, 17:12","","Lat Pulldown (Machine)",,"",1,"warmup",55,10,,,
"Entrenamiento nocturno 🏋️","17 abr 2026, 16:12","17 abr 2026, 17:12","","Lat Pulldown (Machine)",,"",2,"normal",85,10,,,
"Entrenamiento nocturno 🏋️","17 abr 2026, 16:12","17 abr 2026, 17:12","","Lat Pulldown (Machine)",,"",3,"normal",85,8,,,
"Entrenamiento nocturno 🏋️","17 abr 2026, 16:12","17 abr 2026, 17:12","","Iso-Lateral Row (Machine)",,"",0,"normal",45,10,,,
"Entrenamiento nocturno 🏋️","17 abr 2026, 16:12","17 abr 2026, 17:12","","Iso-Lateral Row (Machine)",,"",1,"normal",45,10,,,
"Entrenamiento nocturno 🏋️","17 abr 2026, 16:12","17 abr 2026, 17:12","","Iso-Lateral Row (Machine)",,"",2,"normal",55,10,,,
"Entrenamiento nocturno 🏋️","17 abr 2026, 16:12","17 abr 2026, 17:12","","Preacher Curl (Machine)",,"",0,"normal",53,10,,,
"Entrenamiento nocturno 🏋️","17 abr 2026, 16:12","17 abr 2026, 17:12","","Preacher Curl (Machine)",,"",1,"normal",60,10,,,
"Entrenamiento nocturno 🏋️","17 abr 2026, 16:12","17 abr 2026, 17:12","","Preacher Curl (Machine)",,"",2,"normal",60,8,,,
"Entrenamiento nocturno 🏋️","17 abr 2026, 16:12","17 abr 2026, 17:12","","Preacher Curl (Machine)",,"",3,"dropset",39,6,,,
"Entrenamiento por la tarde 💪","16 abr 2026, 16:00","16 abr 2026, 17:09","","Bench Press (Dumbbell)",,"",0,"warmup",24,10,,,
"Entrenamiento por la tarde 💪","16 abr 2026, 16:00","16 abr 2026, 17:09","","Bench Press (Dumbbell)",,"",1,"normal",30,10,,,
"Entrenamiento por la tarde 💪","16 abr 2026, 16:00","16 abr 2026, 17:09","","Bench Press (Dumbbell)",,"",2,"normal",36,10,,,
"Entrenamiento por la tarde 💪","16 abr 2026, 16:00","16 abr 2026, 17:09","","Bench Press (Dumbbell)",,"",3,"normal",36,8,,,
"Entrenamiento por la tarde 💪","16 abr 2026, 16:00","16 abr 2026, 17:09","","Decline Bench Press (Machine)",,"",0,"normal",60,10,,,
"Entrenamiento por la tarde 💪","16 abr 2026, 16:00","16 abr 2026, 17:09","","Decline Bench Press (Machine)",,"",1,"normal",60,10,,,
"Entrenamiento por la tarde 💪","16 abr 2026, 16:00","16 abr 2026, 17:09","","Decline Bench Press (Machine)",,"",2,"normal",45,8,,,
"Entrenamiento por la tarde 💪","16 abr 2026, 16:00","16 abr 2026, 17:09","","Low Cable Fly Crossovers",,"",0,"normal",12.5,10,,,
"Entrenamiento por la tarde 💪","16 abr 2026, 16:00","16 abr 2026, 17:09","","Low Cable Fly Crossovers",,"",1,"normal",12.5,10,,,
"Entrenamiento por la tarde 💪","16 abr 2026, 16:00","16 abr 2026, 17:09","","Low Cable Fly Crossovers",,"",2,"normal",10,12,,,
"Entrenamiento por la tarde 💪","16 abr 2026, 16:00","16 abr 2026, 17:09","","Triceps Extension (Cable)",,"",0,"normal",11,10,,,
"Entrenamiento por la tarde 💪","16 abr 2026, 16:00","16 abr 2026, 17:09","","Triceps Extension (Cable)",,"",1,"normal",11,10,,,
"Entrenamiento por la tarde 💪","16 abr 2026, 16:00","16 abr 2026, 17:09","","Triceps Extension (Cable)",,"",2,"normal",11,10,,,
"Entrenamiento por la tarde 💪","16 abr 2026, 16:00","16 abr 2026, 17:09","","Overhead Triceps Extension (Cable)",,"",0,"normal",23,10,,,
"Entrenamiento por la tarde 💪","16 abr 2026, 16:00","16 abr 2026, 17:09","","Overhead Triceps Extension (Cable)",,"",1,"normal",23,10,,,
"Entrenamiento por la tarde 💪","16 abr 2026, 16:00","16 abr 2026, 17:09","","Overhead Triceps Extension (Cable)",,"",2,"normal",23,10,,,
"Entrenamiento por la tarde 💪","16 abr 2026, 16:00","16 abr 2026, 17:09","","Single Arm Lateral Raise (Cable)",,"",0,"normal",8,10,,,
"Entrenamiento por la tarde 💪","16 abr 2026, 16:00","16 abr 2026, 17:09","","Single Arm Lateral Raise (Cable)",,"",1,"normal",8,10,,,
"Entrenamiento por la tarde 💪","16 abr 2026, 16:00","16 abr 2026, 17:09","","Single Arm Lateral Raise (Cable)",,"",2,"normal",8,8,,,
"Entrenamiento por la tarde 💪","16 abr 2026, 16:00","16 abr 2026, 17:09","","Chest Dip",,"",0,"normal",,10,,,
"Entrenamiento por la tarde 💪","16 abr 2026, 16:00","16 abr 2026, 17:09","","Chest Dip",,"",1,"normal",,10,,,
"Entrenamiento nocturno 🏋️","1 abr 2026, 19:13","1 abr 2026, 19:57","","Romanian Deadlift (Barbell)",,"",0,"normal",20,10,,,
"Entrenamiento nocturno 🏋️","1 abr 2026, 19:13","1 abr 2026, 19:57","","Romanian Deadlift (Barbell)",,"",1,"normal",30,10,,,
"Entrenamiento nocturno 🏋️","1 abr 2026, 19:13","1 abr 2026, 19:57","","Romanian Deadlift (Barbell)",,"",2,"normal",35,10,,,
"Entrenamiento nocturno 🏋️","1 abr 2026, 19:13","1 abr 2026, 19:57","","Leg Extension (Machine)",,"",0,"normal",40,10,,,
"Entrenamiento nocturno 🏋️","1 abr 2026, 19:13","1 abr 2026, 19:57","","Leg Extension (Machine)",,"",1,"normal",45,10,,,
"Entrenamiento nocturno 🏋️","1 abr 2026, 19:13","1 abr 2026, 19:57","","Leg Extension (Machine)",,"",2,"normal",50,8,,,
"Entrenamiento nocturno 🏋️","1 abr 2026, 19:13","1 abr 2026, 19:57","","Leg Extension (Machine)",,"",3,"normal",50,8,,,
"Entrenamiento nocturno 🏋️","1 abr 2026, 19:13","1 abr 2026, 19:57","","Hip Abduction (Machine)",,"",0,"normal",105,10,,,
"Entrenamiento nocturno 🏋️","1 abr 2026, 19:13","1 abr 2026, 19:57","","Hip Abduction (Machine)",,"",1,"normal",115,10,,,
"Entrenamiento nocturno 🏋️","1 abr 2026, 19:13","1 abr 2026, 19:57","","Hip Abduction (Machine)",,"",2,"normal",115,10,,,
"Entrenamiento nocturno 🏋️","1 abr 2026, 19:13","1 abr 2026, 19:57","","Hip Abduction (Machine)",,"",3,"normal",115,10,,,
"Entrenamiento nocturno 🏋️","1 abr 2026, 19:13","1 abr 2026, 19:57","","Hip Adduction (Machine)",,"",0,"normal",95,10,,,
"Entrenamiento nocturno 🏋️","1 abr 2026, 19:13","1 abr 2026, 19:57","","Hip Adduction (Machine)",,"",1,"normal",115,12,,,
"Entrenamiento nocturno 🏋️","1 abr 2026, 19:13","1 abr 2026, 19:57","","Hip Adduction (Machine)",,"",2,"normal",125,12,,,
"Entrenamiento nocturno 🏋️","1 abr 2026, 19:13","1 abr 2026, 19:57","","Hip Adduction (Machine)",,"",3,"normal",125,12,,,
"Entrenamiento nocturno 🏋️","1 abr 2026, 19:13","1 abr 2026, 19:57","","Seated Calf Raise",,"",0,"normal",20,15,,,
"Entrenamiento nocturno 🏋️","1 abr 2026, 19:13","1 abr 2026, 19:57","","Seated Calf Raise",,"",1,"normal",20,15,,,
"Entrenamiento nocturno 🏋️","1 abr 2026, 19:13","1 abr 2026, 19:57","","Seated Calf Raise",,"",2,"normal",20,15,,,
"Entrenamiento nocturno 🏋️","30 mar 2026, 20:02","30 mar 2026, 20:55","","Bench Press (Dumbbell)",,"",0,"warmup",24,10,,,
"Entrenamiento nocturno 🏋️","30 mar 2026, 20:02","30 mar 2026, 20:55","","Incline Bench Press (Smith Machine)",,"",0,"warmup",20,10,,,
"Entrenamiento nocturno 🏋️","30 mar 2026, 20:02","30 mar 2026, 20:55","","Incline Bench Press (Smith Machine)",,"",1,"normal",30,9,,,
"Entrenamiento nocturno 🏋️","30 mar 2026, 20:02","30 mar 2026, 20:55","","Incline Bench Press (Smith Machine)",,"",2,"normal",25,10,,,
"Entrenamiento nocturno 🏋️","30 mar 2026, 20:02","30 mar 2026, 20:55","","Seated Cable Row - Bar Wide Grip",,"",0,"normal",57,10,,,
"Entrenamiento nocturno 🏋️","30 mar 2026, 20:02","30 mar 2026, 20:55","","Seated Cable Row - Bar Wide Grip",,"",1,"normal",77,10,,,
"Entrenamiento nocturno 🏋️","30 mar 2026, 20:02","30 mar 2026, 20:55","","Seated Cable Row - Bar Wide Grip",,"",2,"normal",77,10,,,
"Entrenamiento nocturno 🏋️","30 mar 2026, 20:02","30 mar 2026, 20:55","","Iso-Lateral High Row (Machine)",,"",0,"normal",35,10,,,
"Entrenamiento nocturno 🏋️","30 mar 2026, 20:02","30 mar 2026, 20:55","","Iso-Lateral High Row (Machine)",,"",1,"normal",40,10,,,
"Entrenamiento nocturno 🏋️","30 mar 2026, 20:02","30 mar 2026, 20:55","","Iso-Lateral High Row (Machine)",,"",2,"normal",40,10,,,
"Entrenamiento nocturno 🏋️","30 mar 2026, 20:02","30 mar 2026, 20:55","","Chest Dip",,"",0,"normal",,12,,,
"Entrenamiento nocturno 🏋️","30 mar 2026, 20:02","30 mar 2026, 20:55","","Chest Dip",,"",1,"normal",,15,,,
"Entrenamiento nocturno 🏋️","30 mar 2026, 20:02","30 mar 2026, 20:55","","Chest Dip",,"",2,"normal",,10,,,
"Entrenamiento nocturno 🏋️","30 mar 2026, 20:02","30 mar 2026, 20:55","","Preacher Curl (Machine)",,"",0,"normal",67,10,,,
"Entrenamiento nocturno 🏋️","30 mar 2026, 20:02","30 mar 2026, 20:55","","Preacher Curl (Machine)",,"",1,"normal",74,6,,,
"Entrenamiento nocturno 🏋️","30 mar 2026, 20:02","30 mar 2026, 20:55","","Preacher Curl (Machine)",,"",2,"normal",60,8,,,
"Entrenamiento nocturno 🏋️","30 mar 2026, 20:02","30 mar 2026, 20:55","","Preacher Curl (Machine)",,"",3,"dropset",39,6,,,
"Entrenamiento nocturno 🏋️","27 mar 2026, 16:14","27 mar 2026, 17:29","","Deadlift (Barbell)",,"",0,"warmup",20,10,,,
"Entrenamiento nocturno 🏋️","27 mar 2026, 16:14","27 mar 2026, 17:29","","Deadlift (Barbell)",,"",1,"warmup",30,10,,,
"Entrenamiento nocturno 🏋️","27 mar 2026, 16:14","27 mar 2026, 17:29","","Deadlift (Barbell)",,"",2,"normal",40,10,,,
"Entrenamiento nocturno 🏋️","27 mar 2026, 16:14","27 mar 2026, 17:29","","Deadlift (Barbell)",,"",3,"normal",40,8,,,
"Entrenamiento nocturno 🏋️","27 mar 2026, 16:14","27 mar 2026, 17:29","","Lying Leg Curl (Machine)",,"",0,"normal",50,12,,,
"Entrenamiento nocturno 🏋️","27 mar 2026, 16:14","27 mar 2026, 17:29","","Lying Leg Curl (Machine)",,"",1,"normal",62.5,10,,,
"Entrenamiento nocturno 🏋️","27 mar 2026, 16:14","27 mar 2026, 17:29","","Lying Leg Curl (Machine)",,"",2,"normal",55,8,,,
"Entrenamiento nocturno 🏋️","27 mar 2026, 16:14","27 mar 2026, 17:29","","Lying Leg Curl (Machine)",,"",3,"dropset",39,5,,,
"Entrenamiento nocturno 🏋️","27 mar 2026, 16:14","27 mar 2026, 17:29","","Face Pull",,"",0,"normal",28,12,,,
"Entrenamiento nocturno 🏋️","27 mar 2026, 16:14","27 mar 2026, 17:29","","Face Pull",,"",1,"normal",31,10,,,
"Entrenamiento nocturno 🏋️","27 mar 2026, 16:14","27 mar 2026, 17:29","","Face Pull",,"",2,"normal",31,10,,,
"Entrenamiento nocturno 🏋️","27 mar 2026, 16:14","27 mar 2026, 17:29","","Single Arm Triceps Pushdown (Cable)",,"",0,"normal",7.5,10,,,
"Entrenamiento nocturno 🏋️","27 mar 2026, 16:14","27 mar 2026, 17:29","","Single Arm Triceps Pushdown (Cable)",,"",1,"normal",10,10,,,
"Entrenamiento nocturno 🏋️","27 mar 2026, 16:14","27 mar 2026, 17:29","","Single Arm Triceps Pushdown (Cable)",,"",2,"normal",10,10,,,
"Entrenamiento nocturno 🏋️","26 mar 2026, 19:57","26 mar 2026, 21:17","","Chin Up",,"",0,"normal",,10,,,
"Entrenamiento nocturno 🏋️","26 mar 2026, 19:57","26 mar 2026, 21:17","","Chin Up (Weighted)",,"",0,"normal",10,8,,,
"Entrenamiento nocturno 🏋️","26 mar 2026, 19:57","26 mar 2026, 21:17","","Lat Pulldown (Machine)",,"",0,"normal",87.5,8,,,
"Entrenamiento nocturno 🏋️","26 mar 2026, 19:57","26 mar 2026, 21:17","","Lat Pulldown (Machine)",,"",1,"normal",95,9,,,
"Entrenamiento nocturno 🏋️","26 mar 2026, 19:57","26 mar 2026, 21:17","","Iso-Lateral Row (Machine)",,"",0,"normal",60,10,,,
"Entrenamiento nocturno 🏋️","26 mar 2026, 19:57","26 mar 2026, 21:17","","Iso-Lateral Row (Machine)",,"",1,"normal",65,10,,,
"Entrenamiento nocturno 🏋️","26 mar 2026, 19:57","26 mar 2026, 21:17","","Iso-Lateral Row (Machine)",,"",2,"normal",70,10,,,
"Entrenamiento nocturno 🏋️","26 mar 2026, 19:57","26 mar 2026, 21:17","","Rope Straight Arm Pulldown",,"",0,"normal",28,12,,,
"Entrenamiento nocturno 🏋️","26 mar 2026, 19:57","26 mar 2026, 21:17","","Rope Straight Arm Pulldown",,"",1,"normal",28,12,,,
"Entrenamiento nocturno 🏋️","26 mar 2026, 19:57","26 mar 2026, 21:17","","Rope Straight Arm Pulldown",,"",2,"normal",31,8,,,
"Entrenamiento nocturno 🏋️","26 mar 2026, 19:57","26 mar 2026, 21:17","","Preacher Curl (Machine)",,"",0,"normal",62.5,10,,,
"Entrenamiento nocturno 🏋️","26 mar 2026, 19:57","26 mar 2026, 21:17","","Preacher Curl (Machine)",,"",1,"normal",67,10,,,
"Entrenamiento nocturno 🏋️","26 mar 2026, 19:57","26 mar 2026, 21:17","","Preacher Curl (Machine)",,"",2,"normal",70,6,,,
"Entrenamiento nocturno 🏋️","26 mar 2026, 19:57","26 mar 2026, 21:17","","Preacher Curl (Machine)",,"",3,"dropset",39,6,,,
"Entrenamiento nocturno 🏋️","26 mar 2026, 19:57","26 mar 2026, 21:17","","Hammer Curl (Dumbbell)",,"",0,"normal",18,10,,,
"Entrenamiento nocturno 🏋️","26 mar 2026, 19:57","26 mar 2026, 21:17","","Hammer Curl (Dumbbell)",,"",1,"normal",18,10,,,
"Entrenamiento nocturno 🏋️","26 mar 2026, 19:57","26 mar 2026, 21:17","","Hammer Curl (Dumbbell)",,"",2,"normal",20,8,,,
"Entrenamiento nocturno 🏋️","26 mar 2026, 19:57","26 mar 2026, 21:17","","Hammer Curl (Dumbbell)",,"",3,"dropset",14,8,,,
"Entrenamiento nocturno 🏋️","23 mar 2026, 19:56","23 mar 2026, 21:16","","Bench Press (Dumbbell)",,"",0,"warmup",24,10,,,
"Entrenamiento nocturno 🏋️","23 mar 2026, 19:56","23 mar 2026, 21:16","","Bench Press (Dumbbell)",,"",1,"normal",34,8,,,
"Entrenamiento nocturno 🏋️","23 mar 2026, 19:56","23 mar 2026, 21:16","","Bench Press (Dumbbell)",,"",2,"normal",38,9,,,
"Entrenamiento nocturno 🏋️","23 mar 2026, 19:56","23 mar 2026, 21:16","","Bench Press (Dumbbell)",,"",3,"normal",40,7,,,
"Entrenamiento nocturno 🏋️","23 mar 2026, 19:56","23 mar 2026, 21:16","","Bench Press (Dumbbell)",,"",4,"normal",28,10,,,
"Entrenamiento nocturno 🏋️","23 mar 2026, 19:56","23 mar 2026, 21:16","","Low Cable Fly Crossovers",,"",0,"normal",12.5,10,,,
"Entrenamiento nocturno 🏋️","23 mar 2026, 19:56","23 mar 2026, 21:16","","Low Cable Fly Crossovers",,"",1,"normal",12.5,10,,,
"Entrenamiento nocturno 🏋️","23 mar 2026, 19:56","23 mar 2026, 21:16","","Low Cable Fly Crossovers",,"",2,"normal",10,12,,,
"Entrenamiento nocturno 🏋️","23 mar 2026, 19:56","23 mar 2026, 21:16","","Cable Fly Crossovers",,"",0,"normal",17.5,10,,,
"Entrenamiento nocturno 🏋️","23 mar 2026, 19:56","23 mar 2026, 21:16","","Cable Fly Crossovers",,"",1,"normal",17.5,10,,,
"Entrenamiento nocturno 🏋️","23 mar 2026, 19:56","23 mar 2026, 21:16","","Cable Fly Crossovers",,"",2,"normal",17.5,10,,,
"Entrenamiento nocturno 🏋️","23 mar 2026, 19:56","23 mar 2026, 21:16","","Triceps Pressdown",,"",0,"normal",31.5,10,,,
"Entrenamiento nocturno 🏋️","23 mar 2026, 19:56","23 mar 2026, 21:16","","Triceps Pressdown",,"",1,"normal",31.5,10,,,
"Entrenamiento nocturno 🏋️","23 mar 2026, 19:56","23 mar 2026, 21:16","","Triceps Pressdown",,"",2,"normal",35,10,,,
"Entrenamiento nocturno 🏋️","23 mar 2026, 19:56","23 mar 2026, 21:16","","Triceps Extension (Cable)",,"",0,"normal",11,10,,,
"Entrenamiento nocturno 🏋️","23 mar 2026, 19:56","23 mar 2026, 21:16","","Triceps Extension (Cable)",,"",1,"normal",11,10,,,
"Entrenamiento nocturno 🏋️","23 mar 2026, 19:56","23 mar 2026, 21:16","","Triceps Extension (Cable)",,"",2,"normal",11,10,,,
"Entrenamiento nocturno 🏋️","23 mar 2026, 19:56","23 mar 2026, 21:16","","Lateral Raise (Dumbbell)",,"",0,"normal",12,12,,,
"Entrenamiento nocturno 🏋️","23 mar 2026, 19:56","23 mar 2026, 21:16","","Lateral Raise (Dumbbell)",,"",1,"normal",12,10,,,
"Entrenamiento nocturno 🏋️","23 mar 2026, 19:56","23 mar 2026, 21:16","","Lateral Raise (Dumbbell)",,"",2,"normal",14,10,,,
"Entrenamiento nocturno 🏋️","23 mar 2026, 19:56","23 mar 2026, 21:16","","Lateral Raise (Dumbbell)",,"",3,"normal",16,9,,,
"Entrenamiento nocturno 🏋️","23 mar 2026, 19:56","23 mar 2026, 21:16","","Lateral Raise (Dumbbell)",,"",4,"dropset",8,10,,,
"Entrenamiento por la tarde 💪","21 mar 2026, 12:57","21 mar 2026, 14:42","","Seated Row (Machine)",,"",0,"warmup",35,10,,,
"Entrenamiento por la tarde 💪","21 mar 2026, 12:57","21 mar 2026, 14:42","","Seated Row (Machine)",,"",1,"warmup",55,12,,,
"Entrenamiento por la tarde 💪","21 mar 2026, 12:57","21 mar 2026, 14:42","","Seated Row (Machine)",,"",2,"normal",80,10,,,
"Entrenamiento por la tarde 💪","21 mar 2026, 12:57","21 mar 2026, 14:42","","Seated Row (Machine)",,"",3,"normal",87.5,10,,,
"Entrenamiento por la tarde 💪","21 mar 2026, 12:57","21 mar 2026, 14:42","","Seated Row (Machine)",,"",4,"normal",95,8,,,
"Entrenamiento por la tarde 💪","21 mar 2026, 12:57","21 mar 2026, 14:42","","Incline Chest Press (Machine)",,"",0,"warmup",55,10,,,
"Entrenamiento por la tarde 💪","21 mar 2026, 12:57","21 mar 2026, 14:42","","Incline Chest Press (Machine)",,"",1,"warmup",60,10,,,
"Entrenamiento por la tarde 💪","21 mar 2026, 12:57","21 mar 2026, 14:42","","Incline Chest Press (Machine)",,"",2,"normal",80,10,,,
"Entrenamiento por la tarde 💪","21 mar 2026, 12:57","21 mar 2026, 14:42","","Incline Chest Press (Machine)",,"",3,"normal",95,9,,,
"Entrenamiento por la tarde 💪","21 mar 2026, 12:57","21 mar 2026, 14:42","","Incline Chest Press (Machine)",,"",4,"normal",102.5,7,,,
"Entrenamiento por la tarde 💪","21 mar 2026, 12:57","21 mar 2026, 14:42","","Triceps Dip",,"",0,"normal",,12,,,
"Entrenamiento por la tarde 💪","21 mar 2026, 12:57","21 mar 2026, 14:42","","Triceps Dip",,"",1,"normal",,12,,,
"Entrenamiento por la tarde 💪","21 mar 2026, 12:57","21 mar 2026, 14:42","","Triceps Dip",,"",2,"normal",,12,,,
"Entrenamiento por la tarde 💪","21 mar 2026, 12:57","21 mar 2026, 14:42","","Triceps Dip",,"",3,"normal",,12,,,
"Entrenamiento por la tarde 💪","21 mar 2026, 12:57","21 mar 2026, 14:42","","Preacher Curl (Machine)",,"",0,"normal",60,12,,,
"Entrenamiento por la tarde 💪","21 mar 2026, 12:57","21 mar 2026, 14:42","","Preacher Curl (Machine)",,"",1,"normal",65,10,,,
"Entrenamiento por la tarde 💪","21 mar 2026, 12:57","21 mar 2026, 14:42","","Preacher Curl (Machine)",,"",2,"normal",67,6,,,
"Entrenamiento por la tarde 💪","21 mar 2026, 12:57","21 mar 2026, 14:42","","Preacher Curl (Machine)",,"",3,"dropset",46,6,,,
"Entrenamiento por la tarde 💪","21 mar 2026, 12:57","21 mar 2026, 14:42","","Seated Shoulder Press (Machine)",,"",0,"warmup",25,10,,,
"Entrenamiento por la tarde 💪","21 mar 2026, 12:57","21 mar 2026, 14:42","","Seated Shoulder Press (Machine)",,"",1,"normal",35,10,,,
"Entrenamiento por la tarde 💪","21 mar 2026, 12:57","21 mar 2026, 14:42","","Seated Shoulder Press (Machine)",,"",2,"normal",40,10,,,
"Entrenamiento por la tarde 💪","21 mar 2026, 12:57","21 mar 2026, 14:42","","Seated Shoulder Press (Machine)",,"",3,"normal",45,10,,,
"Entrenamiento Matutino ☀️","16 mar 2026, 20:07","16 mar 2026, 21:28","","Lat Pulldown (Machine)",,"",0,"warmup",45,12,,,
"Entrenamiento Matutino ☀️","16 mar 2026, 20:07","16 mar 2026, 21:28","","Lat Pulldown (Machine)",,"",1,"normal",80,10,,,
"Entrenamiento Matutino ☀️","16 mar 2026, 20:07","16 mar 2026, 21:28","","Lat Pulldown (Machine)",,"",2,"normal",85,10,,,
"Entrenamiento Matutino ☀️","16 mar 2026, 20:07","16 mar 2026, 21:28","","Lat Pulldown (Machine)",,"",3,"normal",95,8,,,
"Entrenamiento Matutino ☀️","16 mar 2026, 20:07","16 mar 2026, 21:28","","Lat Pulldown (Machine)",,"",4,"normal",75,12,,,
"Entrenamiento Matutino ☀️","16 mar 2026, 20:07","16 mar 2026, 21:28","","Chest Fly (Machine)",,"",0,"normal",75,10,,,
"Entrenamiento Matutino ☀️","16 mar 2026, 20:07","16 mar 2026, 21:28","","Chest Fly (Machine)",,"",1,"normal",85,10,,,
"Entrenamiento Matutino ☀️","16 mar 2026, 20:07","16 mar 2026, 21:28","","Chest Fly (Machine)",,"",2,"normal",85,10,,,
"Entrenamiento Matutino ☀️","16 mar 2026, 20:07","16 mar 2026, 21:28","","Rear Delt Reverse Fly (Machine)",,"",0,"normal",50,10,,,
"Entrenamiento Matutino ☀️","16 mar 2026, 20:07","16 mar 2026, 21:28","","Rear Delt Reverse Fly (Machine)",,"",1,"normal",55,10,,,
"Entrenamiento Matutino ☀️","16 mar 2026, 20:07","16 mar 2026, 21:28","","Rear Delt Reverse Fly (Machine)",,"",2,"normal",45,10,,,
"Entrenamiento Matutino ☀️","16 mar 2026, 20:07","16 mar 2026, 21:28","","Seated Cable Row - Bar Wide Grip",,"",0,"normal",57,10,,,
"Entrenamiento Matutino ☀️","16 mar 2026, 20:07","16 mar 2026, 21:28","","Seated Cable Row - Bar Wide Grip",,"",1,"normal",77,10,,,
"Entrenamiento Matutino ☀️","16 mar 2026, 20:07","16 mar 2026, 21:28","","Seated Cable Row - Bar Wide Grip",,"",2,"normal",77,10,,,
"Entrenamiento Matutino ☀️","16 mar 2026, 20:07","16 mar 2026, 21:28","","Preacher Curl (Machine)",,"",0,"normal",60,12,,,
"Entrenamiento Matutino ☀️","16 mar 2026, 20:07","16 mar 2026, 21:28","","Preacher Curl (Machine)",,"",1,"normal",65,8,,,
"Entrenamiento Matutino ☀️","16 mar 2026, 20:07","16 mar 2026, 21:28","","Preacher Curl (Machine)",,"",2,"normal",53,10,,,
"Entrenamiento Matutino ☀️","16 mar 2026, 20:07","16 mar 2026, 21:28","","Hammer Curl (Dumbbell)",,"",0,"normal",20,10,,,
"Entrenamiento Matutino ☀️","16 mar 2026, 20:07","16 mar 2026, 21:28","","Hammer Curl (Dumbbell)",,"",1,"normal",18,10,,,
"Entrenamiento Matutino ☀️","16 mar 2026, 20:07","16 mar 2026, 21:28","","Hammer Curl (Dumbbell)",,"",2,"normal",18,10,,,
"Entrenamiento por la tarde 💪","13 mar 2026, 16:17","13 mar 2026, 17:27","","Leg Press (Machine)",,"",0,"normal",50,10,,,
"Entrenamiento por la tarde 💪","13 mar 2026, 16:17","13 mar 2026, 17:27","","Leg Press (Machine)",,"",1,"normal",75,10,,,
"Entrenamiento por la tarde 💪","13 mar 2026, 16:17","13 mar 2026, 17:27","","Leg Press (Machine)",,"",2,"normal",100,10,,,
"Entrenamiento por la tarde 💪","13 mar 2026, 16:17","13 mar 2026, 17:27","","Leg Press (Machine)",,"",3,"normal",110,8,,,
"Entrenamiento por la tarde 💪","13 mar 2026, 16:17","13 mar 2026, 17:27","","Romanian Deadlift (Barbell)",,"",0,"normal",20,10,,,
"Entrenamiento por la tarde 💪","13 mar 2026, 16:17","13 mar 2026, 17:27","","Romanian Deadlift (Barbell)",,"",1,"normal",30,10,,,
"Entrenamiento por la tarde 💪","13 mar 2026, 16:17","13 mar 2026, 17:27","","Romanian Deadlift (Barbell)",,"",2,"normal",35,10,,,
"Entrenamiento por la tarde 💪","13 mar 2026, 16:17","13 mar 2026, 17:27","","Romanian Deadlift (Barbell)",,"",3,"normal",40,8,,,
"Entrenamiento por la tarde 💪","13 mar 2026, 16:17","13 mar 2026, 17:27","","Pendulum Squat (Machine)",,"",0,"normal",40,10,,,
"Entrenamiento por la tarde 💪","13 mar 2026, 16:17","13 mar 2026, 17:27","","Pendulum Squat (Machine)",,"",1,"normal",50,10,,,
"Entrenamiento por la tarde 💪","13 mar 2026, 16:17","13 mar 2026, 17:27","","Pendulum Squat (Machine)",,"",2,"normal",50,8,,,
"Entrenamiento por la tarde 💪","13 mar 2026, 16:17","13 mar 2026, 17:27","","Calf Extension (Machine)",,"",0,"normal",20,10,,,
"Entrenamiento por la tarde 💪","13 mar 2026, 16:17","13 mar 2026, 17:27","","Calf Extension (Machine)",,"",1,"normal",30,10,,,
"Entrenamiento por la tarde 💪","13 mar 2026, 16:17","13 mar 2026, 17:27","","Calf Extension (Machine)",,"",2,"normal",38,10,,,
"Entrenamiento por la tarde 💪","12 mar 2026, 20:04","12 mar 2026, 21:25","","Lat Pulldown (Machine)",,"",0,"normal",75,10,,,
"Entrenamiento por la tarde 💪","12 mar 2026, 20:04","12 mar 2026, 21:25","","Lat Pulldown (Machine)",,"",1,"normal",85,10,,,
"Entrenamiento por la tarde 💪","12 mar 2026, 20:04","12 mar 2026, 21:25","","Lat Pulldown (Machine)",,"",2,"normal",90,8,,,
"Entrenamiento por la tarde 💪","12 mar 2026, 20:04","12 mar 2026, 21:25","","Bench Press (Dumbbell)",,"",0,"warmup",24,10,,,
"Entrenamiento por la tarde 💪","12 mar 2026, 20:04","12 mar 2026, 21:25","","Bench Press (Dumbbell)",,"",1,"normal",34,10,,,
"Entrenamiento por la tarde 💪","12 mar 2026, 20:04","12 mar 2026, 21:25","","Bench Press (Dumbbell)",,"",2,"normal",36,10,,,
"Entrenamiento por la tarde 💪","12 mar 2026, 20:04","12 mar 2026, 21:25","","Bench Press (Dumbbell)",,"",3,"normal",38,8,,,
"Entrenamiento por la tarde 💪","12 mar 2026, 20:04","12 mar 2026, 21:25","","Seated Cable Row - V Grip (Cable)",,"",0,"warmup",67,10,,,
"Entrenamiento por la tarde 💪","12 mar 2026, 20:04","12 mar 2026, 21:25","","Seated Cable Row - V Grip (Cable)",,"",1,"normal",87,8,,,
"Entrenamiento por la tarde 💪","12 mar 2026, 20:04","12 mar 2026, 21:25","","Seated Cable Row - V Grip (Cable)",,"",2,"normal",97,10,,,
"Entrenamiento por la tarde 💪","12 mar 2026, 20:04","12 mar 2026, 21:25","","Triceps Dip",,"",0,"normal",,15,,,
"Entrenamiento por la tarde 💪","12 mar 2026, 20:04","12 mar 2026, 21:25","","Triceps Dip",,"",1,"normal",,12,,,
"Entrenamiento por la tarde 💪","12 mar 2026, 20:04","12 mar 2026, 21:25","","Triceps Dip",,"",2,"normal",,12,,,
"Entrenamiento por la tarde 💪","12 mar 2026, 20:04","12 mar 2026, 21:25","","Triceps Dip",,"",3,"normal",,12,,,
"Entrenamiento por la tarde 💪","12 mar 2026, 20:04","12 mar 2026, 21:25","","Single Arm Lateral Raise (Cable)",,"",0,"normal",10,10,,,
"Entrenamiento por la tarde 💪","12 mar 2026, 20:04","12 mar 2026, 21:25","","Single Arm Lateral Raise (Cable)",,"",1,"normal",11.25,8,,,
"Entrenamiento por la tarde 💪","12 mar 2026, 20:04","12 mar 2026, 21:25","","Single Arm Lateral Raise (Cable)",,"",2,"normal",11.25,8,,,
"Entrenamiento por la tarde 💪","12 mar 2026, 20:04","12 mar 2026, 21:25","","Bicep Curl (Cable)",,"",0,"normal",24,10,,,
"Entrenamiento por la tarde 💪","12 mar 2026, 20:04","12 mar 2026, 21:25","","Bicep Curl (Cable)",,"",1,"normal",28,10,,,
"Entrenamiento por la tarde 💪","12 mar 2026, 20:04","12 mar 2026, 21:25","","Bicep Curl (Cable)",,"",2,"normal",28,10,,,
"Entrenamiento por la tarde 💪","12 mar 2026, 20:04","12 mar 2026, 21:25","","Triceps Extension (Cable)",,"",0,"normal",11,10,,,
"Entrenamiento por la tarde 💪","12 mar 2026, 20:04","12 mar 2026, 21:25","","Triceps Extension (Cable)",,"",1,"normal",11,10,,,
"Entrenamiento por la tarde 💪","12 mar 2026, 20:04","12 mar 2026, 21:25","","Triceps Extension (Cable)",,"",2,"normal",11,10,,,
"Entrenamiento nocturno 🏋️","5 mar 2026, 19:27","5 mar 2026, 20:36","","Chin Up (Weighted)",,"",0,"normal",15,5,,,
"Entrenamiento nocturno 🏋️","5 mar 2026, 19:27","5 mar 2026, 20:36","","Chin Up (Weighted)",,"",1,"normal",,10,,,
"Entrenamiento nocturno 🏋️","5 mar 2026, 19:27","5 mar 2026, 20:36","","Bench Press (Dumbbell)",,"",0,"warmup",24,10,,,
"Entrenamiento nocturno 🏋️","5 mar 2026, 19:27","5 mar 2026, 20:36","","Bench Press (Dumbbell)",,"",1,"normal",34,8,,,
"Entrenamiento nocturno 🏋️","5 mar 2026, 19:27","5 mar 2026, 20:36","","Bench Press (Dumbbell)",,"",2,"normal",34,10,,,
"Entrenamiento nocturno 🏋️","5 mar 2026, 19:27","5 mar 2026, 20:36","","Iso-Lateral Row (Machine)",,"",0,"normal",60,10,,,
"Entrenamiento nocturno 🏋️","5 mar 2026, 19:27","5 mar 2026, 20:36","","Iso-Lateral Row (Machine)",,"",1,"normal",65,10,,,
"Entrenamiento nocturno 🏋️","5 mar 2026, 19:27","5 mar 2026, 20:36","","Preacher Curl (Machine)",,"",0,"normal",53,12,,,
"Entrenamiento nocturno 🏋️","5 mar 2026, 19:27","5 mar 2026, 20:36","","Preacher Curl (Machine)",,"",1,"normal",53,12,,,
"Entrenamiento nocturno 🏋️","5 mar 2026, 19:27","5 mar 2026, 20:36","","Preacher Curl (Machine)",,"",2,"normal",53,10,,,
"Entrenamiento nocturno 🏋️","5 mar 2026, 19:27","5 mar 2026, 20:36","","Hammer Curl (Dumbbell)",,"",0,"normal",18,10,,,
"Entrenamiento nocturno 🏋️","5 mar 2026, 19:27","5 mar 2026, 20:36","","Hammer Curl (Dumbbell)",,"",1,"normal",18,10,,,
"Entrenamiento nocturno 🏋️","5 mar 2026, 19:27","5 mar 2026, 20:36","","Hammer Curl (Dumbbell)",,"",2,"normal",20,10,,,
"Entrenamiento por la tarde 💪","4 mar 2026, 16:32","4 mar 2026, 17:17","","Pendulum Squat (Machine)",,"",0,"normal",45,8,,,
"Entrenamiento por la tarde 💪","4 mar 2026, 16:32","4 mar 2026, 17:17","","Pendulum Squat (Machine)",,"",1,"normal",50,8,,,
"Entrenamiento por la tarde 💪","4 mar 2026, 16:32","4 mar 2026, 17:17","","Pendulum Squat (Machine)",,"",2,"normal",45,8,,,
"Entrenamiento por la tarde 💪","4 mar 2026, 16:32","4 mar 2026, 17:17","","Leg Extension (Machine)",,"",0,"normal",40,10,,,
"Entrenamiento por la tarde 💪","4 mar 2026, 16:32","4 mar 2026, 17:17","","Leg Extension (Machine)",,"",1,"normal",45,10,,,
"Entrenamiento por la tarde 💪","4 mar 2026, 16:32","4 mar 2026, 17:17","","Leg Extension (Machine)",,"",2,"normal",45,10,,,
"Entrenamiento por la tarde 💪","4 mar 2026, 16:32","4 mar 2026, 17:17","","Seated Leg Curl (Machine)",,"",0,"normal",55,10,,,
"Entrenamiento por la tarde 💪","4 mar 2026, 16:32","4 mar 2026, 17:17","","Seated Leg Curl (Machine)",,"",1,"normal",65,10,,,
"Entrenamiento por la tarde 💪","4 mar 2026, 16:32","4 mar 2026, 17:17","","Seated Leg Curl (Machine)",,"",2,"normal",65,10,,,
"Entrenamiento por la tarde 💪","4 mar 2026, 16:32","4 mar 2026, 17:17","","Calf Press (Machine)",,"",0,"normal",95,15,,,
"Entrenamiento por la tarde 💪","4 mar 2026, 16:32","4 mar 2026, 17:17","","Calf Press (Machine)",,"",1,"normal",115,12,,,
"Entrenamiento por la tarde 💪","4 mar 2026, 16:32","4 mar 2026, 17:17","","Calf Press (Machine)",,"",2,"normal",115,12,,,
"Entrenamiento por la tarde 💪","4 mar 2026, 16:32","4 mar 2026, 17:17","","Leg Press Horizontal (Machine)",,"",0,"normal",85,10,,,
"Entrenamiento por la tarde 💪","4 mar 2026, 16:32","4 mar 2026, 17:17","","Leg Press Horizontal (Machine)",,"",1,"normal",85,10,,,
"Entrenamiento por la tarde 💪","4 mar 2026, 16:32","4 mar 2026, 17:17","","Leg Press Horizontal (Machine)",,"",2,"normal",95,10,,,
"Entrenamiento por la tarde 💪","3 mar 2026, 16:05","3 mar 2026, 17:05","","Chin Up",,"",0,"normal",,9,,,
"Entrenamiento por la tarde 💪","3 mar 2026, 16:05","3 mar 2026, 17:05","","Chin Up",,"",1,"normal",,6,,,
"Entrenamiento por la tarde 💪","3 mar 2026, 16:05","3 mar 2026, 17:05","","Chin Up",,"",2,"normal",,6,,,
"Entrenamiento por la tarde 💪","3 mar 2026, 16:05","3 mar 2026, 17:05","","Seated Cable Row - V Grip (Cable)",,"",0,"warmup",57,10,,,
"Entrenamiento por la tarde 💪","3 mar 2026, 16:05","3 mar 2026, 17:05","","Seated Cable Row - V Grip (Cable)",,"",1,"normal",87,8,,,
"Entrenamiento por la tarde 💪","3 mar 2026, 16:05","3 mar 2026, 17:05","","Seated Cable Row - V Grip (Cable)",,"",2,"normal",67,10,,,
"Entrenamiento por la tarde 💪","3 mar 2026, 16:05","3 mar 2026, 17:05","","Chest Fly (Machine)",,"",0,"normal",75,10,,,
"Entrenamiento por la tarde 💪","3 mar 2026, 16:05","3 mar 2026, 17:05","","Chest Fly (Machine)",,"",1,"normal",75,10,,,
"Entrenamiento por la tarde 💪","3 mar 2026, 16:05","3 mar 2026, 17:05","","Chest Fly (Machine)",,"",2,"normal",85,10,,,
"Entrenamiento por la tarde 💪","3 mar 2026, 16:05","3 mar 2026, 17:05","","Chest Fly (Machine)",,"",3,"failure",65,10,,,
"Entrenamiento por la tarde 💪","3 mar 2026, 16:05","3 mar 2026, 17:05","","Triceps Pushdown",,"",0,"normal",33.75,10,,,
"Entrenamiento por la tarde 💪","3 mar 2026, 16:05","3 mar 2026, 17:05","","Triceps Rope Pushdown",,"",0,"normal",23,10,,,
"Entrenamiento por la tarde 💪","3 mar 2026, 16:05","3 mar 2026, 17:05","","Triceps Rope Pushdown",,"",1,"normal",23,10,,,
"Entrenamiento por la tarde 💪","3 mar 2026, 16:05","3 mar 2026, 17:05","","Triceps Rope Pushdown",,"",2,"normal",23,10,,,
"Entrenamiento por la tarde 💪","3 mar 2026, 16:05","3 mar 2026, 17:05","","Overhead Triceps Extension (Cable)",,"",0,"normal",26,10,,,
"Entrenamiento por la tarde 💪","3 mar 2026, 16:05","3 mar 2026, 17:05","","Overhead Triceps Extension (Cable)",,"",1,"normal",26,10,,,
"Entrenamiento por la tarde 💪","3 mar 2026, 16:05","3 mar 2026, 17:05","","Overhead Triceps Extension (Cable)",,"",2,"normal",26,10,,,
"Entrenamiento por la tarde 💪","3 mar 2026, 16:05","3 mar 2026, 17:05","","Single Arm Lateral Raise (Cable)",,"",0,"normal",8.75,10,,,
"Entrenamiento por la tarde 💪","3 mar 2026, 16:05","3 mar 2026, 17:05","","Single Arm Lateral Raise (Cable)",,"",1,"normal",11.25,8,,,
"Entrenamiento por la tarde 💪","3 mar 2026, 16:05","3 mar 2026, 17:05","","Single Arm Lateral Raise (Cable)",,"",2,"normal",11.25,8,,,
"Entrenamiento por la tarde 💪","27 feb 2026, 15:52","27 feb 2026, 17:16","","Seated Cable Row - Bar Wide Grip",,"",0,"normal",23,10,,,
"Entrenamiento por la tarde 💪","27 feb 2026, 15:52","27 feb 2026, 17:16","","Seated Cable Row - Bar Wide Grip",,"",1,"normal",33,10,,,
"Entrenamiento por la tarde 💪","27 feb 2026, 15:52","27 feb 2026, 17:16","","Seated Cable Row - Bar Wide Grip",,"",2,"normal",38.5,10,,,
"Entrenamiento por la tarde 💪","27 feb 2026, 15:52","27 feb 2026, 17:16","","Seated Cable Row - Bar Wide Grip",,"",3,"normal",43,10,,,
"Entrenamiento por la tarde 💪","27 feb 2026, 15:52","27 feb 2026, 17:16","","Incline Bench Press (Smith Machine)",,"",0,"warmup",20,10,,,
"Entrenamiento por la tarde 💪","27 feb 2026, 15:52","27 feb 2026, 17:16","","Incline Bench Press (Smith Machine)",,"",1,"normal",30,8,,,
"Entrenamiento por la tarde 💪","27 feb 2026, 15:52","27 feb 2026, 17:16","","Incline Bench Press (Smith Machine)",,"",2,"normal",32.5,6,,,
"Entrenamiento por la tarde 💪","27 feb 2026, 15:52","27 feb 2026, 17:16","","Single Arm Lateral Raise (Cable)",,"",0,"normal",8.75,10,,,
"Entrenamiento por la tarde 💪","27 feb 2026, 15:52","27 feb 2026, 17:16","","Single Arm Lateral Raise (Cable)",,"",1,"normal",11.25,8,,,
"Entrenamiento por la tarde 💪","27 feb 2026, 15:52","27 feb 2026, 17:16","","Single Arm Lateral Raise (Cable)",,"",2,"normal",11.25,8,,,
"Entrenamiento por la tarde 💪","27 feb 2026, 15:52","27 feb 2026, 17:16","","Incline Chest Press (Machine)",,"",0,"normal",75,10,,,
"Entrenamiento por la tarde 💪","27 feb 2026, 15:52","27 feb 2026, 17:16","","Incline Chest Press (Machine)",,"",1,"normal",85,8,,,
"Entrenamiento por la tarde 💪","27 feb 2026, 15:52","27 feb 2026, 17:16","","Incline Chest Press (Machine)",,"",2,"normal",100,5,,,
"Entrenamiento por la tarde 💪","27 feb 2026, 15:52","27 feb 2026, 17:16","","Triceps Extension (Cable)",,"",0,"normal",11,10,,,
"Entrenamiento por la tarde 💪","27 feb 2026, 15:52","27 feb 2026, 17:16","","Triceps Extension (Cable)",,"",1,"normal",11,10,,,
"Entrenamiento por la tarde 💪","27 feb 2026, 15:52","27 feb 2026, 17:16","","Triceps Extension (Cable)",,"",2,"normal",13,10,,,
"Entrenamiento por la tarde 💪","27 feb 2026, 15:52","27 feb 2026, 17:16","","Hammer Curl (Dumbbell)",,"",0,"normal",18,10,,,
"Entrenamiento por la tarde 💪","27 feb 2026, 15:52","27 feb 2026, 17:16","","Hammer Curl (Dumbbell)",,"",1,"normal",20,10,,,
"Entrenamiento por la tarde 💪","27 feb 2026, 15:52","27 feb 2026, 17:16","","Hammer Curl (Dumbbell)",,"",2,"normal",20,10,,,
"Entrenamiento por la tarde 💪","27 feb 2026, 15:52","27 feb 2026, 17:16","","Hammer Curl (Dumbbell)",,"",3,"dropset",12,6,,,
"Entrenamiento nocturno 🏋️","26 feb 2026, 20:26","26 feb 2026, 20:58","","Leg Press (Machine)",,"",0,"normal",25,10,,,
"Entrenamiento nocturno 🏋️","26 feb 2026, 20:26","26 feb 2026, 20:58","","Leg Press (Machine)",,"",1,"normal",50,10,,,
"Entrenamiento nocturno 🏋️","26 feb 2026, 20:26","26 feb 2026, 20:58","","Leg Press (Machine)",,"",2,"normal",75,8,,,
"Entrenamiento nocturno 🏋️","26 feb 2026, 20:26","26 feb 2026, 20:58","","Leg Press (Machine)",,"",3,"normal",100,8,,,
"Entrenamiento nocturno 🏋️","26 feb 2026, 20:26","26 feb 2026, 20:58","","Standing Leg Curls",,"",0,"normal",35,10,,,
"Entrenamiento nocturno 🏋️","26 feb 2026, 20:26","26 feb 2026, 20:58","","Standing Leg Curls",,"",1,"normal",40,10,,,
"Entrenamiento nocturno 🏋️","26 feb 2026, 20:26","26 feb 2026, 20:58","","Standing Leg Curls",,"",2,"normal",45,10,,,
"Entrenamiento nocturno 🏋️","26 feb 2026, 20:26","26 feb 2026, 20:58","","Seated Calf Raise",,"",0,"normal",25,12,,,
"Entrenamiento nocturno 🏋️","26 feb 2026, 20:26","26 feb 2026, 20:58","","Seated Calf Raise",,"",1,"normal",25,12,,,
"Entrenamiento nocturno 🏋️","26 feb 2026, 20:26","26 feb 2026, 20:58","","Seated Calf Raise",,"",2,"normal",25,12,,,
"Entrenamiento por la tarde 💪","20 feb 2026, 16:21","20 feb 2026, 17:21","","Bench Press (Dumbbell)",,"",0,"warmup",24,10,,,
"Entrenamiento por la tarde 💪","20 feb 2026, 16:21","20 feb 2026, 17:21","","Bench Press (Dumbbell)",,"",1,"normal",32,10,,,
"Entrenamiento por la tarde 💪","20 feb 2026, 16:21","20 feb 2026, 17:21","","Bench Press (Dumbbell)",,"",2,"normal",34,8,,,
"Entrenamiento por la tarde 💪","20 feb 2026, 16:21","20 feb 2026, 17:21","","Bench Press (Dumbbell)",,"",3,"normal",30,10,,,
"Entrenamiento por la tarde 💪","20 feb 2026, 16:21","20 feb 2026, 17:21","","Incline Bench Press (Smith Machine)",,"",0,"warmup",20,10,,,
"Entrenamiento por la tarde 💪","20 feb 2026, 16:21","20 feb 2026, 17:21","","Incline Bench Press (Smith Machine)",,"",1,"normal",30,6,,,
"Entrenamiento por la tarde 💪","20 feb 2026, 16:21","20 feb 2026, 17:21","","Incline Bench Press (Smith Machine)",,"",2,"normal",25,10,,,
"Entrenamiento por la tarde 💪","20 feb 2026, 16:21","20 feb 2026, 17:21","","Incline Bench Press (Smith Machine)",,"",3,"normal",15,12,,,
"Entrenamiento por la tarde 💪","20 feb 2026, 16:21","20 feb 2026, 17:21","","Incline Bench Press (Smith Machine)",,"",4,"dropset",10,5,,,
"Entrenamiento por la tarde 💪","20 feb 2026, 16:21","20 feb 2026, 17:21","","Seated Dip Machine",,"",0,"normal",85,10,,,
"Entrenamiento por la tarde 💪","20 feb 2026, 16:21","20 feb 2026, 17:21","","Seated Dip Machine",,"",1,"normal",85,10,,,
"Entrenamiento por la tarde 💪","20 feb 2026, 16:21","20 feb 2026, 17:21","","Seated Dip Machine",,"",2,"normal",85,10,,,
"Entrenamiento por la tarde 💪","20 feb 2026, 16:21","20 feb 2026, 17:21","","Overhead Triceps Extension (Cable)",,"",0,"normal",23,10,,,
"Entrenamiento por la tarde 💪","20 feb 2026, 16:21","20 feb 2026, 17:21","","Overhead Triceps Extension (Cable)",,"",1,"normal",26,10,,,
"Entrenamiento por la tarde 💪","20 feb 2026, 16:21","20 feb 2026, 17:21","","Overhead Triceps Extension (Cable)",,"",2,"normal",26,11,,,
"Entrenamiento por la tarde 💪","20 feb 2026, 16:21","20 feb 2026, 17:21","","Cable Fly Crossovers",,"",0,"normal",21,10,,,
"Entrenamiento por la tarde 💪","20 feb 2026, 16:21","20 feb 2026, 17:21","","Cable Fly Crossovers",,"",1,"normal",21,10,,,
"Entrenamiento por la tarde 💪","20 feb 2026, 16:21","20 feb 2026, 17:21","","Cable Fly Crossovers",,"",2,"normal",18,12,,,
"Entrenamiento nocturno 🏋️","16 feb 2026, 18:55","16 feb 2026, 19:43","","Iso-Lateral Row (Machine)",,"",0,"normal",55,10,,,
"Entrenamiento nocturno 🏋️","16 feb 2026, 18:55","16 feb 2026, 19:43","","Iso-Lateral Row (Machine)",,"",1,"normal",65,10,,,
"Entrenamiento nocturno 🏋️","16 feb 2026, 18:55","16 feb 2026, 19:43","","Iso-Lateral Row (Machine)",,"",2,"normal",70,8,,,
"Entrenamiento nocturno 🏋️","16 feb 2026, 18:55","16 feb 2026, 19:43","","Preacher Curl (Machine)",,"",0,"normal",53,12,,,
"Entrenamiento nocturno 🏋️","16 feb 2026, 18:55","16 feb 2026, 19:43","","Preacher Curl (Machine)",,"",1,"normal",53,12,,,
"Entrenamiento nocturno 🏋️","16 feb 2026, 18:55","16 feb 2026, 19:43","","Preacher Curl (Machine)",,"",2,"normal",48.5,8,,,
"Entrenamiento nocturno 🏋️","16 feb 2026, 18:55","16 feb 2026, 19:43","","Preacher Curl (Machine)",,"",3,"normal",46,8,,,
"Entrenamiento nocturno 🏋️","16 feb 2026, 18:55","16 feb 2026, 19:43","","Hammer Curl (Dumbbell)",,"",0,"dropset",8,12,,,
"Entrenamiento nocturno 🏋️","16 feb 2026, 18:55","16 feb 2026, 19:43","","Hammer Curl (Dumbbell)",,"",1,"dropset",8,10,,,
"Entrenamiento nocturno 🏋️","16 feb 2026, 18:55","16 feb 2026, 19:43","","Hammer Curl (Dumbbell)",,"",2,"dropset",8,10,,,
"Entrenamiento nocturno 🏋️","16 feb 2026, 18:55","16 feb 2026, 19:43","","Hammer Curl (Dumbbell)",,"",3,"normal",8,10,,,
"Entrenamiento por la tarde 💪","13 feb 2026, 17:50","13 feb 2026, 19:10","","Bench Press (Dumbbell)",,"",0,"warmup",24,10,,,
"Entrenamiento por la tarde 💪","13 feb 2026, 17:50","13 feb 2026, 19:10","","Bench Press (Dumbbell)",,"",1,"normal",34,8,,,
"Entrenamiento por la tarde 💪","13 feb 2026, 17:50","13 feb 2026, 19:10","","Bench Press (Dumbbell)",,"",2,"normal",38,8,,,
"Entrenamiento por la tarde 💪","13 feb 2026, 17:50","13 feb 2026, 19:10","","Bench Press (Dumbbell)",,"",3,"normal",40,8,,,
"Entrenamiento por la tarde 💪","13 feb 2026, 17:50","13 feb 2026, 19:10","","Single Arm Lateral Raise (Cable)",,"",0,"normal",8.75,10,,,
"Entrenamiento por la tarde 💪","13 feb 2026, 17:50","13 feb 2026, 19:10","","Single Arm Lateral Raise (Cable)",,"",1,"normal",8.75,10,,,
"Entrenamiento por la tarde 💪","13 feb 2026, 17:50","13 feb 2026, 19:10","","Single Arm Lateral Raise (Cable)",,"",2,"normal",8.75,10,,,
"Entrenamiento nocturno 🏋️","9 feb 2026, 18:39","9 feb 2026, 19:41","","Lat Pulldown (Cable)",,"",0,"warmup",23.5,10,,,
"Entrenamiento nocturno 🏋️","9 feb 2026, 18:39","9 feb 2026, 19:41","","Lat Pulldown (Cable)",,"",1,"normal",43,8,,,
"Entrenamiento nocturno 🏋️","9 feb 2026, 18:39","9 feb 2026, 19:41","","Lat Pulldown (Cable)",,"",2,"normal",43,8,,,
"Entrenamiento nocturno 🏋️","9 feb 2026, 18:39","9 feb 2026, 19:41","","Lat Pulldown (Cable)",,"",3,"normal",43,8,,,
"Entrenamiento nocturno 🏋️","9 feb 2026, 18:39","9 feb 2026, 19:41","","Seated Cable Row - V Grip (Cable)",,"",0,"warmup",57,10,,,
"Entrenamiento nocturno 🏋️","9 feb 2026, 18:39","9 feb 2026, 19:41","","Seated Cable Row - V Grip (Cable)",,"",1,"normal",87,8,,,
"Entrenamiento nocturno 🏋️","9 feb 2026, 18:39","9 feb 2026, 19:41","","Seated Cable Row - V Grip (Cable)",,"",2,"dropset",57,10,,,
"Entrenamiento nocturno 🏋️","9 feb 2026, 18:39","9 feb 2026, 19:41","","Seated Cable Row - V Grip (Cable)",,"",3,"dropset",40,6,,,
"Entrenamiento nocturno 🏋️","9 feb 2026, 18:39","9 feb 2026, 19:41","","Seated Row (Machine)",,"",0,"normal",75,10,,,
"Entrenamiento nocturno 🏋️","9 feb 2026, 18:39","9 feb 2026, 19:41","","Seated Row (Machine)",,"",1,"normal",85,10,,,
"Entrenamiento nocturno 🏋️","9 feb 2026, 18:39","9 feb 2026, 19:41","","Seated Row (Machine)",,"",2,"normal",90,10,,,
"Entrenamiento nocturno 🏋️","9 feb 2026, 18:39","9 feb 2026, 19:41","","Hammer Curl (Cable)",,"",0,"normal",28,12,,,
"Entrenamiento nocturno 🏋️","9 feb 2026, 18:39","9 feb 2026, 19:41","","Hammer Curl (Cable)",,"",1,"normal",31,10,,,
"Entrenamiento nocturno 🏋️","9 feb 2026, 18:39","9 feb 2026, 19:41","","Hammer Curl (Cable)",,"",2,"normal",31,10,,,
"Entrenamiento nocturno 🏋️","9 feb 2026, 18:39","9 feb 2026, 19:41","","Preacher Curl (Machine)",,"",0,"normal",53,12,,,
"Entrenamiento nocturno 🏋️","9 feb 2026, 18:39","9 feb 2026, 19:41","","Preacher Curl (Machine)",,"",1,"normal",60,10,,,
"Entrenamiento nocturno 🏋️","9 feb 2026, 18:39","9 feb 2026, 19:41","","Preacher Curl (Machine)",,"",2,"normal",60,8,,,
"Entrenamiento nocturno 🏋️","9 feb 2026, 18:39","9 feb 2026, 19:41","","Preacher Curl (Machine)",,"",3,"dropset",39,5,,,
"Entrenamiento por la tarde 💪","5 feb 2026, 18:44","5 feb 2026, 20:04","","Bench Press (Dumbbell)",,"",0,"warmup",20,10,,,
"Entrenamiento por la tarde 💪","5 feb 2026, 18:44","5 feb 2026, 20:04","","Bench Press (Dumbbell)",,"",1,"warmup",30,10,,,
"Entrenamiento por la tarde 💪","5 feb 2026, 18:44","5 feb 2026, 20:04","","Bench Press (Dumbbell)",,"",2,"normal",38,8,,,
"Entrenamiento por la tarde 💪","5 feb 2026, 18:44","5 feb 2026, 20:04","","Bench Press (Dumbbell)",,"",3,"normal",40,8,,,
"Entrenamiento por la tarde 💪","5 feb 2026, 18:44","5 feb 2026, 20:04","","Bench Press (Dumbbell)",,"",4,"normal",40,8,,,
"Entrenamiento por la tarde 💪","5 feb 2026, 18:44","5 feb 2026, 20:04","","Decline Bench Press (Machine)",,"",0,"warmup",20,10,,,
"Entrenamiento por la tarde 💪","5 feb 2026, 18:44","5 feb 2026, 20:04","","Decline Bench Press (Machine)",,"",1,"normal",50,10,,,
"Entrenamiento por la tarde 💪","5 feb 2026, 18:44","5 feb 2026, 20:04","","Decline Bench Press (Machine)",,"",2,"normal",60,8,,,
"Entrenamiento por la tarde 💪","5 feb 2026, 18:44","5 feb 2026, 20:04","","Decline Bench Press (Machine)",,"",3,"normal",60,7,,,
"Entrenamiento por la tarde 💪","5 feb 2026, 18:44","5 feb 2026, 20:04","","Chest Fly (Machine)",,"",0,"normal",65,10,,,
"Entrenamiento por la tarde 💪","5 feb 2026, 18:44","5 feb 2026, 20:04","","Chest Fly (Machine)",,"",1,"normal",75,8,,,
"Entrenamiento por la tarde 💪","5 feb 2026, 18:44","5 feb 2026, 20:04","","Chest Fly (Machine)",,"",2,"normal",75,8,,,
"Entrenamiento por la tarde 💪","5 feb 2026, 18:44","5 feb 2026, 20:04","","Overhead Triceps Extension (Cable)",,"",0,"normal",26,18,,,
"Entrenamiento por la tarde 💪","5 feb 2026, 18:44","5 feb 2026, 20:04","","Overhead Triceps Extension (Cable)",,"",1,"normal",26,10,,,
"Entrenamiento por la tarde 💪","5 feb 2026, 18:44","5 feb 2026, 20:04","","Overhead Triceps Extension (Cable)",,"",2,"normal",28,10,,,
"Entrenamiento por la tarde 💪","5 feb 2026, 18:44","5 feb 2026, 20:04","","Face Pull",,"",0,"normal",28,12,,,
"Entrenamiento por la tarde 💪","5 feb 2026, 18:44","5 feb 2026, 20:04","","Face Pull",,"",1,"normal",31,10,,,
"Entrenamiento por la tarde 💪","5 feb 2026, 18:44","5 feb 2026, 20:04","","Face Pull",,"",2,"normal",31,10,,,
"Entrenamiento nocturno 🏋️","4 feb 2026, 18:35","4 feb 2026, 19:06","","Deadlift (Barbell)",,"",0,"warmup",20,10,,,
"Entrenamiento nocturno 🏋️","4 feb 2026, 18:35","4 feb 2026, 19:06","","Deadlift (Barbell)",,"",1,"normal",40,10,,,
"Entrenamiento nocturno 🏋️","4 feb 2026, 18:35","4 feb 2026, 19:06","","Deadlift (Barbell)",,"",2,"normal",50,6,,,
"Entrenamiento nocturno 🏋️","4 feb 2026, 18:35","4 feb 2026, 19:06","","Deadlift (Barbell)",,"",3,"normal",50,6,,,
"Entrenamiento nocturno 🏋️","4 feb 2026, 18:35","4 feb 2026, 19:06","","Leg Extension (Machine)",,"",0,"normal",35,10,,,
"Entrenamiento nocturno 🏋️","4 feb 2026, 18:35","4 feb 2026, 19:06","","Leg Extension (Machine)",,"",1,"normal",40,10,,,
"Entrenamiento nocturno 🏋️","4 feb 2026, 18:35","4 feb 2026, 19:06","","Leg Extension (Machine)",,"",2,"normal",45,8,,,
"Entrenamiento nocturno 🏋️","4 feb 2026, 18:35","4 feb 2026, 19:06","","Seated Leg Curl (Machine)",,"",0,"normal",45,10,,,
"Entrenamiento nocturno 🏋️","4 feb 2026, 18:35","4 feb 2026, 19:06","","Seated Leg Curl (Machine)",,"",1,"normal",55,10,,,
"Entrenamiento nocturno 🏋️","4 feb 2026, 18:35","4 feb 2026, 19:06","","Seated Leg Curl (Machine)",,"",2,"normal",55,10,,,
"Entrenamiento nocturno 🏋️","2 feb 2026, 18:26","2 feb 2026, 19:51","","Lat Pulldown (Machine)",,"",0,"warmup",35,12,,,
"Entrenamiento nocturno 🏋️","2 feb 2026, 18:26","2 feb 2026, 19:51","","Lat Pulldown (Machine)",,"",1,"warmup",65,12,,,
"Entrenamiento nocturno 🏋️","2 feb 2026, 18:26","2 feb 2026, 19:51","","Lat Pulldown (Machine)",,"",2,"normal",85,10,,,
"Entrenamiento nocturno 🏋️","2 feb 2026, 18:26","2 feb 2026, 19:51","","Lat Pulldown (Machine)",,"",3,"normal",95,9,,,
"Entrenamiento nocturno 🏋️","2 feb 2026, 18:26","2 feb 2026, 19:51","","Lat Pulldown (Machine)",,"",4,"normal",75,12,,,
"Entrenamiento nocturno 🏋️","2 feb 2026, 18:26","2 feb 2026, 19:51","","Landmine Row",,"",0,"normal",40,10,,,
"Entrenamiento nocturno 🏋️","2 feb 2026, 18:26","2 feb 2026, 19:51","","Landmine Row",,"",1,"normal",60,10,,,
"Entrenamiento nocturno 🏋️","2 feb 2026, 18:26","2 feb 2026, 19:51","","Landmine Row",,"",2,"normal",50,10,,,
"Entrenamiento nocturno 🏋️","2 feb 2026, 18:26","2 feb 2026, 19:51","","Rear Delt Reverse Fly (Machine)",,"",0,"normal",45,10,,,
"Entrenamiento nocturno 🏋️","2 feb 2026, 18:26","2 feb 2026, 19:51","","Rear Delt Reverse Fly (Machine)",,"",1,"normal",55,10,,,
"Entrenamiento nocturno 🏋️","2 feb 2026, 18:26","2 feb 2026, 19:51","","Rear Delt Reverse Fly (Machine)",,"",2,"normal",55,10,,,
"Entrenamiento nocturno 🏋️","2 feb 2026, 18:26","2 feb 2026, 19:51","","Preacher Curl (Machine)",,"",0,"normal",53,12,,,
"Entrenamiento nocturno 🏋️","2 feb 2026, 18:26","2 feb 2026, 19:51","","Preacher Curl (Machine)",,"",1,"normal",60,10,,,
"Entrenamiento nocturno 🏋️","2 feb 2026, 18:26","2 feb 2026, 19:51","","Preacher Curl (Machine)",,"",2,"normal",60,8,,,
"Entrenamiento nocturno 🏋️","2 feb 2026, 18:26","2 feb 2026, 19:51","","Preacher Curl (Machine)",,"",3,"normal",46,12,,,
"Entrenamiento nocturno 🏋️","2 feb 2026, 18:26","2 feb 2026, 19:51","","Straight Arm Lat Pulldown (Cable)",,"",0,"normal",24,10,,,
"Entrenamiento nocturno 🏋️","2 feb 2026, 18:26","2 feb 2026, 19:51","","Straight Arm Lat Pulldown (Cable)",,"",1,"normal",28,10,,,
"Entrenamiento nocturno 🏋️","2 feb 2026, 18:26","2 feb 2026, 19:51","","Straight Arm Lat Pulldown (Cable)",,"",2,"normal",31,8,,,
"Entrenamiento nocturno 🏋️","2 feb 2026, 18:26","2 feb 2026, 19:51","","Hammer Curl (Cable)",,"",0,"normal",24,15,,,
"Entrenamiento nocturno 🏋️","2 feb 2026, 18:26","2 feb 2026, 19:51","","Hammer Curl (Cable)",,"",1,"normal",31,10,,,
"Entrenamiento nocturno 🏋️","2 feb 2026, 18:26","2 feb 2026, 19:51","","Hammer Curl (Cable)",,"",2,"normal",31,10,,,
"Entrenamiento por la tarde 💪","30 ene 2026, 16:22","30 ene 2026, 17:01","","Single Arm Lateral Raise (Cable)",,"",0,"normal",6.5,10,,,
"Entrenamiento por la tarde 💪","30 ene 2026, 16:22","30 ene 2026, 17:01","","Single Arm Lateral Raise (Cable)",,"",1,"normal",8.75,10,,,
"Entrenamiento por la tarde 💪","30 ene 2026, 16:22","30 ene 2026, 17:01","","Single Arm Lateral Raise (Cable)",,"",2,"normal",8.75,10,,,
"Entrenamiento por la tarde 💪","30 ene 2026, 16:22","30 ene 2026, 17:01","","Overhead Press (Dumbbell)",,"",0,"warmup",20,10,,,
"Entrenamiento por la tarde 💪","30 ene 2026, 16:22","30 ene 2026, 17:01","","Overhead Press (Dumbbell)",,"",1,"normal",28,8,,,
"Entrenamiento por la tarde 💪","30 ene 2026, 16:22","30 ene 2026, 17:01","","Overhead Press (Dumbbell)",,"",2,"normal",28,8,,,
"Entrenamiento por la tarde 💪","30 ene 2026, 16:22","30 ene 2026, 17:01","","Bench Press (Dumbbell)",,"",0,"normal",28,10,,,
"Entrenamiento por la tarde 💪","30 ene 2026, 16:22","30 ene 2026, 17:01","","Bench Press (Dumbbell)",,"",1,"normal",28,10,,,
"Entrenamiento por la tarde 💪","30 ene 2026, 16:22","30 ene 2026, 17:01","","Bench Press (Dumbbell)",,"",2,"normal",28,10,,,
"Entrenamiento por la tarde 💪","30 ene 2026, 16:22","30 ene 2026, 17:01","","Bicep Curl (Cable)",,"",0,"normal",28,10,,,
"Entrenamiento por la tarde 💪","30 ene 2026, 16:22","30 ene 2026, 17:01","","Bicep Curl (Cable)",,"",1,"normal",28,10,,,
"Entrenamiento por la tarde 💪","30 ene 2026, 16:22","30 ene 2026, 17:01","","Bicep Curl (Cable)",,"",2,"normal",28,10,,,
"Entrenamiento por la tarde 💪","29 ene 2026, 17:47","29 ene 2026, 18:54","","Incline Bench Press (Smith Machine)",,"",0,"warmup",20,10,,,
"Entrenamiento por la tarde 💪","29 ene 2026, 17:47","29 ene 2026, 18:54","","Incline Bench Press (Smith Machine)",,"",1,"normal",32.5,6,,,
"Entrenamiento por la tarde 💪","29 ene 2026, 17:47","29 ene 2026, 18:54","","Incline Bench Press (Smith Machine)",,"",2,"normal",35,6,,,
"Entrenamiento por la tarde 💪","29 ene 2026, 17:47","29 ene 2026, 18:54","","Incline Bench Press (Smith Machine)",,"",3,"normal",30,8,,,
"Entrenamiento por la tarde 💪","29 ene 2026, 17:47","29 ene 2026, 18:54","","Incline Chest Press (Machine)",,"",0,"normal",75,10,,,
"Entrenamiento por la tarde 💪","29 ene 2026, 17:47","29 ene 2026, 18:54","","Incline Chest Press (Machine)",,"",1,"normal",85,10,,,
"Entrenamiento por la tarde 💪","29 ene 2026, 17:47","29 ene 2026, 18:54","","Incline Chest Press (Machine)",,"",2,"normal",90,6,,,
"Entrenamiento por la tarde 💪","29 ene 2026, 17:47","29 ene 2026, 18:54","","Chest Dip",,"",0,"normal",,10,,,
"Entrenamiento por la tarde 💪","29 ene 2026, 17:47","29 ene 2026, 18:54","","Chest Dip",,"",1,"normal",,10,,,
"Entrenamiento por la tarde 💪","29 ene 2026, 17:47","29 ene 2026, 18:54","","Chest Dip",,"",2,"normal",,10,,,
"Entrenamiento por la tarde 💪","29 ene 2026, 17:47","29 ene 2026, 18:54","","Decline Bench Press (Machine)",,"",0,"warmup",25,10,,,
"Entrenamiento por la tarde 💪","29 ene 2026, 17:47","29 ene 2026, 18:54","","Decline Bench Press (Machine)",,"",1,"normal",50,10,,,
"Entrenamiento por la tarde 💪","29 ene 2026, 17:47","29 ene 2026, 18:54","","Decline Bench Press (Machine)",,"",2,"normal",50,8,,,
"Entrenamiento por la tarde 💪","29 ene 2026, 17:47","29 ene 2026, 18:54","","Triceps Pushdown",,"",0,"normal",28.75,12,,,
"Entrenamiento por la tarde 💪","29 ene 2026, 17:47","29 ene 2026, 18:54","","Triceps Pushdown",,"",1,"normal",33.75,10,,,
"Entrenamiento por la tarde 💪","29 ene 2026, 17:47","29 ene 2026, 18:54","","Triceps Pushdown",,"",2,"normal",33.75,10,,,
"Entrenamiento por la tarde 💪","29 ene 2026, 17:47","29 ene 2026, 18:54","","Triceps Pushdown",,"",3,"normal",36.25,8,,,
"Entrenamiento por la tarde 💪","26 ene 2026, 18:29","26 ene 2026, 19:44","","Seated Row (Machine)",,"",0,"warmup",35,10,,,
"Entrenamiento por la tarde 💪","26 ene 2026, 18:29","26 ene 2026, 19:44","","Seated Row (Machine)",,"",1,"warmup",55,6,,,
"Entrenamiento por la tarde 💪","26 ene 2026, 18:29","26 ene 2026, 19:44","","Seated Row (Machine)",,"",2,"normal",75,10,,,
"Entrenamiento por la tarde 💪","26 ene 2026, 18:29","26 ene 2026, 19:44","","Seated Row (Machine)",,"",3,"normal",85,8,,,
"Entrenamiento por la tarde 💪","26 ene 2026, 18:29","26 ene 2026, 19:44","","Seated Row (Machine)",,"",4,"normal",90,7,,,
"Entrenamiento por la tarde 💪","26 ene 2026, 18:29","26 ene 2026, 19:44","","Seated Row (Machine)",,"",5,"dropset",60,10,,,
"Entrenamiento por la tarde 💪","26 ene 2026, 18:29","26 ene 2026, 19:44","","Lat Pulldown - Close Grip (Cable)",,"",0,"warmup",20,10,,,
"Entrenamiento por la tarde 💪","26 ene 2026, 18:29","26 ene 2026, 19:44","","Lat Pulldown - Close Grip (Cable)",,"",1,"normal",23,10,,,
"Entrenamiento por la tarde 💪","26 ene 2026, 18:29","26 ene 2026, 19:44","","Lat Pulldown - Close Grip (Cable)",,"",2,"normal",33,10,,,
"Entrenamiento por la tarde 💪","26 ene 2026, 18:29","26 ene 2026, 19:44","","Lat Pulldown - Close Grip (Cable)",,"",3,"normal",38,9,,,
"Entrenamiento por la tarde 💪","26 ene 2026, 18:29","26 ene 2026, 19:44","","Straight Arm Lat Pulldown (Cable)",,"",0,"normal",24,10,,,
"Entrenamiento por la tarde 💪","26 ene 2026, 18:29","26 ene 2026, 19:44","","Straight Arm Lat Pulldown (Cable)",,"",1,"normal",28,10,,,
"Entrenamiento por la tarde 💪","26 ene 2026, 18:29","26 ene 2026, 19:44","","Straight Arm Lat Pulldown (Cable)",,"",2,"normal",28,10,,,
"Entrenamiento por la tarde 💪","26 ene 2026, 18:29","26 ene 2026, 19:44","","Hammer Curl (Cable)",,"",0,"normal",24,12,,,
"Entrenamiento por la tarde 💪","26 ene 2026, 18:29","26 ene 2026, 19:44","","Hammer Curl (Cable)",,"",1,"normal",28,10,,,
"Entrenamiento por la tarde 💪","26 ene 2026, 18:29","26 ene 2026, 19:44","","Hammer Curl (Cable)",,"",2,"normal",31,10,,,
"Entrenamiento por la tarde 💪","26 ene 2026, 18:29","26 ene 2026, 19:44","","Behind the Back Curl (Cable)",,"",0,"normal",10,10,,,
"Entrenamiento por la tarde 💪","26 ene 2026, 18:29","26 ene 2026, 19:44","","Behind the Back Curl (Cable)",,"",1,"normal",12,10,,,
"Entrenamiento por la tarde 💪","26 ene 2026, 18:29","26 ene 2026, 19:44","","Behind the Back Curl (Cable)",,"",2,"normal",12,10,,,
"Entrenamiento nocturno 🏋️","22 ene 2026, 18:34","22 ene 2026, 19:25","","Chin Up",,"",0,"normal",,8,,,
"Entrenamiento nocturno 🏋️","22 ene 2026, 18:34","22 ene 2026, 19:25","","Chin Up",,"",1,"normal",,6,,,
"Entrenamiento nocturno 🏋️","22 ene 2026, 18:34","22 ene 2026, 19:25","","Lat Pulldown (Machine)",,"",0,"normal",85,8,,,
"Entrenamiento nocturno 🏋️","22 ene 2026, 18:34","22 ene 2026, 19:25","","Lat Pulldown (Machine)",,"",1,"normal",75,10,,,
"Entrenamiento nocturno 🏋️","22 ene 2026, 18:34","22 ene 2026, 19:25","","Iso-Lateral Row (Machine)",,"",0,"warmup",30,12,,,
"Entrenamiento nocturno 🏋️","22 ene 2026, 18:34","22 ene 2026, 19:25","","Iso-Lateral Row (Machine)",,"",1,"normal",55,10,,,
"Entrenamiento nocturno 🏋️","22 ene 2026, 18:34","22 ene 2026, 19:25","","Iso-Lateral Row (Machine)",,"",2,"normal",60,10,,,
"Entrenamiento nocturno 🏋️","22 ene 2026, 18:34","22 ene 2026, 19:25","","Iso-Lateral Row (Machine)",,"",3,"normal",65,8,,,
"Entrenamiento nocturno 🏋️","22 ene 2026, 18:34","22 ene 2026, 19:25","","Straight Arm Lat Pulldown (Cable)",,"",0,"normal",24,10,,,
"Entrenamiento nocturno 🏋️","22 ene 2026, 18:34","22 ene 2026, 19:25","","Straight Arm Lat Pulldown (Cable)",,"",1,"normal",28,10,,,
"Entrenamiento nocturno 🏋️","22 ene 2026, 18:34","22 ene 2026, 19:25","","Straight Arm Lat Pulldown (Cable)",,"",2,"normal",31,8,,,
"Entrenamiento nocturno 🏋️","22 ene 2026, 18:34","22 ene 2026, 19:25","","Seated Cable Row - V Grip (Cable)",,"",0,"warmup",57,10,,,
"Entrenamiento nocturno 🏋️","22 ene 2026, 18:34","22 ene 2026, 19:25","","Seated Cable Row - V Grip (Cable)",,"",1,"normal",87,8,,,
"Entrenamiento nocturno 🏋️","22 ene 2026, 18:34","22 ene 2026, 19:25","","Seated Cable Row - V Grip (Cable)",,"",2,"dropset",57,10,,,
"Entrenamiento nocturno 🏋️","22 ene 2026, 18:34","22 ene 2026, 19:25","","Seated Cable Row - V Grip (Cable)",,"",3,"dropset",40,6,,,
"Entrenamiento nocturno 🏋️","22 ene 2026, 18:34","22 ene 2026, 19:25","","Preacher Curl (Barbell)",,"",0,"normal",10,10,,,
"Entrenamiento nocturno 🏋️","22 ene 2026, 18:34","22 ene 2026, 19:25","","Preacher Curl (Barbell)",,"",1,"normal",12.5,7,,,
"Entrenamiento nocturno 🏋️","22 ene 2026, 18:34","22 ene 2026, 19:25","","Preacher Curl (Barbell)",,"",2,"normal",12.5,6,,,
"Entrenamiento nocturno 🏋️","22 ene 2026, 18:34","22 ene 2026, 19:25","","Hammer Curl (Dumbbell)",,"",0,"normal",20,10,,,
"Entrenamiento nocturno 🏋️","22 ene 2026, 18:34","22 ene 2026, 19:25","","Hammer Curl (Dumbbell)",,"",1,"normal",20,10,,,
"Entrenamiento nocturno 🏋️","22 ene 2026, 18:34","22 ene 2026, 19:25","","Hammer Curl (Dumbbell)",,"",2,"normal",20,10,,,
"Entrenamiento por la tarde 💪","21 ene 2026, 16:22","21 ene 2026, 17:47","","Deadlift (Barbell)",,"Calentamiento barra, resto por lado",0,"warmup",10,10,,,
"Entrenamiento por la tarde 💪","21 ene 2026, 16:22","21 ene 2026, 17:47","","Deadlift (Barbell)",,"Calentamiento barra, resto por lado",1,"normal",20,10,,,
"Entrenamiento por la tarde 💪","21 ene 2026, 16:22","21 ene 2026, 17:47","","Deadlift (Barbell)",,"Calentamiento barra, resto por lado",2,"normal",45,10,,,
"Entrenamiento por la tarde 💪","21 ene 2026, 16:22","21 ene 2026, 17:47","","Deadlift (Barbell)",,"Calentamiento barra, resto por lado",3,"normal",45,10,,,
"Entrenamiento por la tarde 💪","21 ene 2026, 16:22","21 ene 2026, 17:47","","Deadlift (Barbell)",,"Calentamiento barra, resto por lado",4,"normal",45,10,,,
"Entrenamiento por la tarde 💪","21 ene 2026, 16:22","21 ene 2026, 17:47","","Seated Leg Curl (Machine)",,"",0,"normal",45,10,,,
"Entrenamiento por la tarde 💪","21 ene 2026, 16:22","21 ene 2026, 17:47","","Seated Leg Curl (Machine)",,"",1,"normal",45,10,,,
"Entrenamiento por la tarde 💪","21 ene 2026, 16:22","21 ene 2026, 17:47","","Seated Leg Curl (Machine)",,"",2,"normal",55,10,,,
"Entrenamiento por la tarde 💪","21 ene 2026, 16:22","21 ene 2026, 17:47","","Seated Leg Curl (Machine)",,"",3,"normal",55,10,,,
"Entrenamiento por la tarde 💪","21 ene 2026, 16:22","21 ene 2026, 17:47","","Hip Adduction (Machine)",,"",0,"normal",95,10,,,
"Entrenamiento por la tarde 💪","21 ene 2026, 16:22","21 ene 2026, 17:47","","Hip Adduction (Machine)",,"",1,"normal",105,10,,,
"Entrenamiento por la tarde 💪","21 ene 2026, 16:22","21 ene 2026, 17:47","","Hip Adduction (Machine)",,"",2,"normal",115,10,,,
"Entrenamiento por la tarde 💪","21 ene 2026, 16:22","21 ene 2026, 17:47","","Hip Abduction (Machine)",,"",0,"normal",105,10,,,
"Entrenamiento por la tarde 💪","21 ene 2026, 16:22","21 ene 2026, 17:47","","Hip Abduction (Machine)",,"",1,"normal",105,10,,,
"Entrenamiento por la tarde 💪","21 ene 2026, 16:22","21 ene 2026, 17:47","","Hip Abduction (Machine)",,"",2,"normal",105,10,,,
"Entrenamiento por la tarde 💪","21 ene 2026, 16:22","21 ene 2026, 17:47","","Calf Extension (Machine)",,"",0,"normal",20,10,,,
"Entrenamiento por la tarde 💪","21 ene 2026, 16:22","21 ene 2026, 17:47","","Calf Extension (Machine)",,"",1,"normal",20,10,,,
"Entrenamiento por la tarde 💪","21 ene 2026, 16:22","21 ene 2026, 17:47","","Calf Extension (Machine)",,"",2,"normal",25,10,,,
"Entrenamiento por la tarde 💪","21 ene 2026, 16:22","21 ene 2026, 17:47","","Calf Extension (Machine)",,"",3,"normal",25,10,,,
"Entrenamiento por la tarde 💪","21 ene 2026, 16:22","21 ene 2026, 17:47","","Leg Extension (Machine)",,"",0,"normal",35,10,,,
"Entrenamiento por la tarde 💪","21 ene 2026, 16:22","21 ene 2026, 17:47","","Leg Extension (Machine)",,"",1,"normal",40,10,,,
"Entrenamiento por la tarde 💪","21 ene 2026, 16:22","21 ene 2026, 17:47","","Leg Extension (Machine)",,"",2,"normal",45,10,,,
"Entrenamiento por la tarde 💪","20 ene 2026, 17:38","20 ene 2026, 18:48","","Incline Bench Press (Smith Machine)",,"",0,"warmup",15,10,,,
"Entrenamiento por la tarde 💪","20 ene 2026, 17:38","20 ene 2026, 18:48","","Incline Bench Press (Smith Machine)",,"",1,"normal",30,9,,,
"Entrenamiento por la tarde 💪","20 ene 2026, 17:38","20 ene 2026, 18:48","","Incline Bench Press (Smith Machine)",,"",2,"normal",37.5,6,,,
"Entrenamiento por la tarde 💪","20 ene 2026, 17:38","20 ene 2026, 18:48","","Incline Bench Press (Smith Machine)",,"",3,"normal",27.5,10,,,
"Entrenamiento por la tarde 💪","20 ene 2026, 17:38","20 ene 2026, 18:48","","Bench Press (Dumbbell)",,"",0,"normal",28,10,,,
"Entrenamiento por la tarde 💪","20 ene 2026, 17:38","20 ene 2026, 18:48","","Bench Press (Dumbbell)",,"",1,"normal",28,10,,,
"Entrenamiento por la tarde 💪","20 ene 2026, 17:38","20 ene 2026, 18:48","","Bench Press (Dumbbell)",,"",2,"normal",32,10,,,
"Entrenamiento por la tarde 💪","20 ene 2026, 17:38","20 ene 2026, 18:48","","Triceps Rope Pushdown",,"",0,"normal",23,10,,,
"Entrenamiento por la tarde 💪","20 ene 2026, 17:38","20 ene 2026, 18:48","","Triceps Rope Pushdown",,"",1,"normal",23,10,,,
"Entrenamiento por la tarde 💪","20 ene 2026, 17:38","20 ene 2026, 18:48","","Triceps Rope Pushdown",,"",2,"normal",23,10,,,
"Entrenamiento por la tarde 💪","20 ene 2026, 17:38","20 ene 2026, 18:48","","Single Arm Lateral Raise (Cable)",,"",0,"normal",8.75,10,,,
"Entrenamiento por la tarde 💪","20 ene 2026, 17:38","20 ene 2026, 18:48","","Single Arm Lateral Raise (Cable)",,"",1,"normal",8.75,10,,,
"Entrenamiento por la tarde 💪","20 ene 2026, 17:38","20 ene 2026, 18:48","","Single Arm Lateral Raise (Cable)",,"",2,"normal",8.75,10,,,
"Entrenamiento por la tarde 💪","20 ene 2026, 17:38","20 ene 2026, 18:48","","Single Arm Lateral Raise (Cable)",,"",3,"normal",8.75,10,,,
"Entrenamiento por la tarde 💪","20 ene 2026, 17:38","20 ene 2026, 18:48","","Cable Fly Crossovers",,"",0,"normal",21,10,,,
"Entrenamiento por la tarde 💪","20 ene 2026, 17:38","20 ene 2026, 18:48","","Cable Fly Crossovers",,"",1,"normal",21,10,,,
"Entrenamiento por la tarde 💪","20 ene 2026, 17:38","20 ene 2026, 18:48","","Cable Fly Crossovers",,"",2,"normal",21,10,,,
"Entrenamiento por la tarde 💪","20 ene 2026, 17:38","20 ene 2026, 18:48","","Triceps Extension (Cable)",,"",0,"normal",8,10,,,
"Entrenamiento por la tarde 💪","20 ene 2026, 17:38","20 ene 2026, 18:48","","Triceps Extension (Cable)",,"",1,"normal",11,10,,,
"Entrenamiento por la tarde 💪","20 ene 2026, 17:38","20 ene 2026, 18:48","","Triceps Extension (Cable)",,"",2,"normal",11,10,,,
"Entrenamiento por la tarde 💪","14 ene 2026, 16:25","14 ene 2026, 18:04","","Bench Press (Dumbbell)",,"",0,"warmup",24,10,,,
"Entrenamiento por la tarde 💪","14 ene 2026, 16:25","14 ene 2026, 18:04","","Bench Press (Dumbbell)",,"",1,"warmup",32,10,,,
"Entrenamiento por la tarde 💪","14 ene 2026, 16:25","14 ene 2026, 18:04","","Bench Press (Dumbbell)",,"",2,"normal",38,8,,,
"Entrenamiento por la tarde 💪","14 ene 2026, 16:25","14 ene 2026, 18:04","","Bench Press (Dumbbell)",,"",3,"normal",40,8,,,
"Entrenamiento por la tarde 💪","14 ene 2026, 16:25","14 ene 2026, 18:04","","Incline Bench Press (Smith Machine)",,"",0,"warmup",15,10,,,
"Entrenamiento por la tarde 💪","14 ene 2026, 16:25","14 ene 2026, 18:04","","Incline Bench Press (Smith Machine)",,"",1,"normal",30,8,,,
"Entrenamiento por la tarde 💪","14 ene 2026, 16:25","14 ene 2026, 18:04","","Incline Bench Press (Smith Machine)",,"",2,"normal",30,8,,,
"Entrenamiento por la tarde 💪","14 ene 2026, 16:25","14 ene 2026, 18:04","","Incline Bench Press (Smith Machine)",,"",3,"normal",20,14,,,
"Entrenamiento por la tarde 💪","14 ene 2026, 16:25","14 ene 2026, 18:04","","Chest Dip",,"",0,"normal",,12,,,
"Entrenamiento por la tarde 💪","14 ene 2026, 16:25","14 ene 2026, 18:04","","Chest Dip",,"",1,"normal",,12,,,
"Entrenamiento por la tarde 💪","14 ene 2026, 16:25","14 ene 2026, 18:04","","Chest Dip",,"",2,"normal",,12,,,
"Entrenamiento por la tarde 💪","14 ene 2026, 16:25","14 ene 2026, 18:04","","Overhead Triceps Extension (Cable)",,"",0,"normal",23.75,12,,,
"Entrenamiento por la tarde 💪","14 ene 2026, 16:25","14 ene 2026, 18:04","","Overhead Triceps Extension (Cable)",,"",1,"normal",26.5,10,,,
"Entrenamiento por la tarde 💪","14 ene 2026, 16:25","14 ene 2026, 18:04","","Overhead Triceps Extension (Cable)",,"",2,"normal",26.5,10,,,
"Entrenamiento por la tarde 💪","14 ene 2026, 16:25","14 ene 2026, 18:04","","Overhead Triceps Extension (Cable)",,"",3,"normal",26.5,10,,,
"Entrenamiento por la tarde 💪","14 ene 2026, 16:25","14 ene 2026, 18:04","","Chest Fly (Machine)",,"",0,"normal",65,10,,,
"Entrenamiento por la tarde 💪","14 ene 2026, 16:25","14 ene 2026, 18:04","","Chest Fly (Machine)",,"",1,"normal",65,10,,,
"Entrenamiento por la tarde 💪","14 ene 2026, 16:25","14 ene 2026, 18:04","","Chest Fly (Machine)",,"",2,"normal",70,10,,,
"Entrenamiento por la tarde 💪","14 ene 2026, 16:25","14 ene 2026, 18:04","","Face Pull",,"",0,"normal",26,12,,,
"Entrenamiento por la tarde 💪","14 ene 2026, 16:25","14 ene 2026, 18:04","","Face Pull",,"",1,"normal",28,10,,,
"Entrenamiento por la tarde 💪","14 ene 2026, 16:25","14 ene 2026, 18:04","","Face Pull",,"",2,"normal",31,10,,,
"Entrenamiento por la tarde 💪","14 ene 2026, 16:25","14 ene 2026, 18:04","","Single Arm Lateral Raise (Cable)",,"",0,"normal",6.25,10,,,
"Entrenamiento por la tarde 💪","14 ene 2026, 16:25","14 ene 2026, 18:04","","Single Arm Lateral Raise (Cable)",,"",1,"normal",8.75,10,,,
"Entrenamiento por la tarde 💪","14 ene 2026, 16:25","14 ene 2026, 18:04","","Single Arm Lateral Raise (Cable)",,"",2,"normal",8.75,10,,,
"Entrenamiento por la tarde 💪","13 ene 2026, 17:43","13 ene 2026, 18:40","","Romanian Deadlift (Barbell)",,"",0,"warmup",,10,,,
"Entrenamiento por la tarde 💪","13 ene 2026, 17:43","13 ene 2026, 18:40","","Romanian Deadlift (Barbell)",,"",1,"normal",20,10,,,
"Entrenamiento por la tarde 💪","13 ene 2026, 17:43","13 ene 2026, 18:40","","Romanian Deadlift (Barbell)",,"",2,"normal",20,12,,,
"Entrenamiento por la tarde 💪","13 ene 2026, 17:43","13 ene 2026, 18:40","","Romanian Deadlift (Barbell)",,"",3,"normal",20,12,,,
"Entrenamiento por la tarde 💪","13 ene 2026, 17:43","13 ene 2026, 18:40","","Hack Squat (Machine)",,"Máquina sentado",0,"normal",10,10,,,
"Entrenamiento por la tarde 💪","13 ene 2026, 17:43","13 ene 2026, 18:40","","Hack Squat (Machine)",,"Máquina sentado",1,"normal",10,10,,,
"Entrenamiento por la tarde 💪","13 ene 2026, 17:43","13 ene 2026, 18:40","","Hack Squat (Machine)",,"Máquina sentado",2,"normal",10,10,,,
"Entrenamiento por la tarde 💪","13 ene 2026, 17:43","13 ene 2026, 18:40","","Hack Squat (Machine)",,"Máquina sentado",3,"normal",10,10,,,
"Entrenamiento por la tarde 💪","13 ene 2026, 17:43","13 ene 2026, 18:40","","Leg Extension (Machine)",,"",0,"normal",20,10,,,
"Entrenamiento por la tarde 💪","13 ene 2026, 17:43","13 ene 2026, 18:40","","Leg Extension (Machine)",,"",1,"normal",20,10,,,
"Entrenamiento por la tarde 💪","13 ene 2026, 17:43","13 ene 2026, 18:40","","Leg Extension (Machine)",,"",2,"normal",22.5,12,,,
"Entrenamiento por la tarde 💪","13 ene 2026, 17:43","13 ene 2026, 18:40","","Leg Extension (Machine)",,"",3,"normal",22.5,12,,,
"Entrenamiento por la tarde 💪","13 ene 2026, 17:43","13 ene 2026, 18:40","","Seated Calf Raise",,"Por lado",0,"normal",10,15,,,
"Entrenamiento por la tarde 💪","13 ene 2026, 17:43","13 ene 2026, 18:40","","Seated Calf Raise",,"Por lado",1,"normal",20,10,,,
"Entrenamiento por la tarde 💪","13 ene 2026, 17:43","13 ene 2026, 18:40","","Seated Calf Raise",,"Por lado",2,"normal",20,10,,,
"Entrenamiento por la tarde 💪","13 ene 2026, 17:43","13 ene 2026, 18:40","","Hip Adduction (Machine)",,"",0,"normal",95,12,,,
"Entrenamiento por la tarde 💪","13 ene 2026, 17:43","13 ene 2026, 18:40","","Hip Adduction (Machine)",,"",1,"normal",95,12,,,
"Entrenamiento por la tarde 💪","13 ene 2026, 17:43","13 ene 2026, 18:40","","Hip Adduction (Machine)",,"",2,"normal",95,12,,,
"Entrenamiento Matutino ☀️","22 dic 2025, 17:35","22 dic 2025, 18:50","","Bench Press (Dumbbell)",,"",0,"warmup",22,10,,,
"Entrenamiento Matutino ☀️","22 dic 2025, 17:35","22 dic 2025, 18:50","","Bench Press (Dumbbell)",,"",1,"warmup",30,10,,,
"Entrenamiento Matutino ☀️","22 dic 2025, 17:35","22 dic 2025, 18:50","","Bench Press (Dumbbell)",,"",2,"normal",40,8,,,
"Entrenamiento Matutino ☀️","22 dic 2025, 17:35","22 dic 2025, 18:50","","Bench Press (Dumbbell)",,"",3,"normal",40,8,,,
"Entrenamiento Matutino ☀️","22 dic 2025, 17:35","22 dic 2025, 18:50","","Bench Press (Dumbbell)",,"",4,"normal",40,8,,,
"Entrenamiento Matutino ☀️","22 dic 2025, 17:35","22 dic 2025, 18:50","","Incline Chest Press (Machine)",,"",0,"normal",75,10,,,
"Entrenamiento Matutino ☀️","22 dic 2025, 17:35","22 dic 2025, 18:50","","Incline Chest Press (Machine)",,"",1,"normal",85,10,,,
"Entrenamiento Matutino ☀️","22 dic 2025, 17:35","22 dic 2025, 18:50","","Incline Chest Press (Machine)",,"",2,"normal",85,10,,,
"Entrenamiento Matutino ☀️","22 dic 2025, 17:35","22 dic 2025, 18:50","","Incline Chest Press (Machine)",,"",3,"normal",87.5,10,,,
"Entrenamiento por la tarde 💪","16 dic 2025, 16:44","16 dic 2025, 17:43","","Overhead Press (Dumbbell)",,"",0,"warmup",20,10,,,
"Entrenamiento por la tarde 💪","16 dic 2025, 16:44","16 dic 2025, 17:43","","Overhead Press (Dumbbell)",,"",1,"normal",30,7,,,
"Entrenamiento por la tarde 💪","16 dic 2025, 16:44","16 dic 2025, 17:43","","Overhead Press (Dumbbell)",,"",2,"normal",32,7,,,
"Entrenamiento por la tarde 💪","16 dic 2025, 16:44","16 dic 2025, 17:43","","Overhead Press (Dumbbell)",,"",3,"normal",34,4,,,
"Entrenamiento por la tarde 💪","16 dic 2025, 16:44","16 dic 2025, 17:43","","Lateral Raise (Dumbbell)",,"",0,"warmup",10,10,,,
"Entrenamiento por la tarde 💪","16 dic 2025, 16:44","16 dic 2025, 17:43","","Lateral Raise (Dumbbell)",,"",1,"normal",14,12,,,
"Entrenamiento por la tarde 💪","16 dic 2025, 16:44","16 dic 2025, 17:43","","Lateral Raise (Dumbbell)",,"",2,"normal",14,10,,,
"Entrenamiento por la tarde 💪","16 dic 2025, 16:44","16 dic 2025, 17:43","","Lateral Raise (Dumbbell)",,"",3,"normal",16,8,,,
"Entrenamiento por la tarde 💪","16 dic 2025, 16:44","16 dic 2025, 17:43","","Single Arm Lateral Raise (Cable)",,"",0,"normal",7.5,10,,,
"Entrenamiento por la tarde 💪","16 dic 2025, 16:44","16 dic 2025, 17:43","","Single Arm Lateral Raise (Cable)",,"",1,"normal",10,10,,,
"Entrenamiento por la tarde 💪","16 dic 2025, 16:44","16 dic 2025, 17:43","","Single Arm Lateral Raise (Cable)",,"",2,"normal",10,10,,,
"Entrenamiento por la tarde 💪","16 dic 2025, 16:44","16 dic 2025, 17:43","","Rear Delt Reverse Fly (Machine)",,"",0,"normal",55,10,,,
"Entrenamiento por la tarde 💪","16 dic 2025, 16:44","16 dic 2025, 17:43","","Rear Delt Reverse Fly (Machine)",,"",1,"normal",55,10,,,
"Entrenamiento por la tarde 💪","16 dic 2025, 16:44","16 dic 2025, 17:43","","Rear Delt Reverse Fly (Machine)",,"",2,"normal",55,10,,,
"Entrenamiento por la tarde 💪","10 dic 2025, 17:12","10 dic 2025, 18:34","","Chin Up (Weighted)",,"",0,"normal",15,5,,,
"Entrenamiento por la tarde 💪","10 dic 2025, 17:12","10 dic 2025, 18:34","","Chin Up (Weighted)",,"",1,"normal",15,7,,,
"Entrenamiento por la tarde 💪","10 dic 2025, 17:12","10 dic 2025, 18:34","","Chin Up (Weighted)",,"",2,"normal",5,8,,,
"Entrenamiento por la tarde 💪","10 dic 2025, 17:12","10 dic 2025, 18:34","","Chin Up (Weighted)",,"",3,"normal",,9,,,
"Entrenamiento por la tarde 💪","10 dic 2025, 17:12","10 dic 2025, 18:34","","Single Arm Cable Row",,"",0,"warmup",20,10,,,
"Entrenamiento por la tarde 💪","10 dic 2025, 17:12","10 dic 2025, 18:34","","Single Arm Cable Row",,"",1,"normal",28.5,10,,,
"Entrenamiento por la tarde 💪","10 dic 2025, 17:12","10 dic 2025, 18:34","","Single Arm Cable Row",,"",2,"normal",38.5,10,,,
"Entrenamiento por la tarde 💪","10 dic 2025, 17:12","10 dic 2025, 18:34","","Single Arm Cable Row",,"",3,"normal",43.5,8,,,
"Entrenamiento por la tarde 💪","10 dic 2025, 17:12","10 dic 2025, 18:34","","Chest Supported Incline Row (Dumbbell)",,"30 unilateral",0,"normal",24,10,,,
"Entrenamiento por la tarde 💪","10 dic 2025, 17:12","10 dic 2025, 18:34","","Chest Supported Incline Row (Dumbbell)",,"30 unilateral",1,"normal",28,10,,,
"Entrenamiento por la tarde 💪","10 dic 2025, 17:12","10 dic 2025, 18:34","","Chest Supported Incline Row (Dumbbell)",,"30 unilateral",2,"normal",30,10,,,
"Entrenamiento por la tarde 💪","10 dic 2025, 17:12","10 dic 2025, 18:34","","Chest Supported Incline Row (Dumbbell)",,"30 unilateral",3,"normal",32,10,,,
"Entrenamiento por la tarde 💪","10 dic 2025, 17:12","10 dic 2025, 18:34","","Hammer Curl (Dumbbell)",,"",0,"normal",22,10,,,
"Entrenamiento por la tarde 💪","10 dic 2025, 17:12","10 dic 2025, 18:34","","Hammer Curl (Dumbbell)",,"",1,"normal",22,10,,,
"Entrenamiento por la tarde 💪","10 dic 2025, 17:12","10 dic 2025, 18:34","","Hammer Curl (Dumbbell)",,"",2,"normal",22,10,,,
"Entrenamiento por la tarde 💪","9 dic 2025, 19:06","9 dic 2025, 20:21","","Seated Shoulder Press (Machine)",,"",0,"warmup",30,10,,,
"Entrenamiento por la tarde 💪","9 dic 2025, 19:06","9 dic 2025, 20:21","","Seated Shoulder Press (Machine)",,"",1,"normal",40,10,,,
"Entrenamiento por la tarde 💪","9 dic 2025, 19:06","9 dic 2025, 20:21","","Seated Shoulder Press (Machine)",,"",2,"normal",42.5,10,,,
"Entrenamiento por la tarde 💪","9 dic 2025, 19:06","9 dic 2025, 20:21","","Seated Shoulder Press (Machine)",,"",3,"normal",45,10,,,
"Entrenamiento por la tarde 💪","9 dic 2025, 19:06","9 dic 2025, 20:21","","Face Pull",,"",0,"normal",26,12,,,
"Entrenamiento por la tarde 💪","9 dic 2025, 19:06","9 dic 2025, 20:21","","Face Pull",,"",1,"normal",28,10,,,
"Entrenamiento por la tarde 💪","9 dic 2025, 19:06","9 dic 2025, 20:21","","Face Pull",,"",2,"normal",31,10,,,
"Entrenamiento por la tarde 💪","9 dic 2025, 19:06","9 dic 2025, 20:21","","Face Pull",,"",3,"normal",35,8,,,
"Entrenamiento por la tarde 💪","9 dic 2025, 19:06","9 dic 2025, 20:21","","Single Arm Lateral Raise (Cable)",,"En polea",0,"normal",7.5,10,,,
"Entrenamiento por la tarde 💪","9 dic 2025, 19:06","9 dic 2025, 20:21","","Single Arm Lateral Raise (Cable)",,"En polea",1,"normal",10,10,,,
"Entrenamiento por la tarde 💪","9 dic 2025, 19:06","9 dic 2025, 20:21","","Lateral Raise (Dumbbell)",,"",0,"warmup",8,10,,,
"Entrenamiento por la tarde 💪","9 dic 2025, 19:06","9 dic 2025, 20:21","","Lateral Raise (Dumbbell)",,"",1,"normal",14,10,,,
"Entrenamiento por la tarde 💪","9 dic 2025, 19:06","9 dic 2025, 20:21","","Lateral Raise (Dumbbell)",,"",2,"normal",16,8,,,
"Entrenamiento por la tarde 💪","9 dic 2025, 19:06","9 dic 2025, 20:21","","Rear Delt Reverse Fly (Machine)",,"",0,"warmup",35,12,,,
"Entrenamiento por la tarde 💪","9 dic 2025, 19:06","9 dic 2025, 20:21","","Rear Delt Reverse Fly (Machine)",,"",1,"normal",45,10,,,
"Entrenamiento por la tarde 💪","9 dic 2025, 19:06","9 dic 2025, 20:21","","Rear Delt Reverse Fly (Machine)",,"",2,"normal",55,9,,,
"Entrenamiento por la tarde 💪","9 dic 2025, 19:06","9 dic 2025, 20:21","","Rear Delt Reverse Fly (Machine)",,"",3,"normal",60,7,,,
"Entrenamiento nocturno 🏋️","8 dic 2025, 12:22","8 dic 2025, 13:42","","Incline Bench Press (Smith Machine)",,"",0,"warmup",20,8,,,
"Entrenamiento nocturno 🏋️","8 dic 2025, 12:22","8 dic 2025, 13:42","","Incline Bench Press (Smith Machine)",,"",1,"normal",30,10,,,
"Entrenamiento nocturno 🏋️","8 dic 2025, 12:22","8 dic 2025, 13:42","","Incline Bench Press (Smith Machine)",,"",2,"normal",37.5,6,,,
"Entrenamiento nocturno 🏋️","8 dic 2025, 12:22","8 dic 2025, 13:42","","Incline Bench Press (Smith Machine)",,"",3,"normal",37.5,6,,,
"Entrenamiento nocturno 🏋️","8 dic 2025, 12:22","8 dic 2025, 13:42","","Incline Bench Press (Smith Machine)",,"",4,"dropset",20,7,,,
"Entrenamiento nocturno 🏋️","8 dic 2025, 12:22","8 dic 2025, 13:42","","Incline Chest Press (Machine)",,"",0,"normal",75,10,,,
"Entrenamiento nocturno 🏋️","8 dic 2025, 12:22","8 dic 2025, 13:42","","Incline Chest Press (Machine)",,"",1,"normal",85,10,,,
"Entrenamiento nocturno 🏋️","8 dic 2025, 12:22","8 dic 2025, 13:42","","Incline Chest Press (Machine)",,"",2,"normal",90,8,,,
"Entrenamiento nocturno 🏋️","8 dic 2025, 12:22","8 dic 2025, 13:42","","Incline Chest Press (Machine)",,"",3,"normal",92.5,6,,,
"Entrenamiento nocturno 🏋️","8 dic 2025, 12:22","8 dic 2025, 13:42","","Preacher Curl (Barbell)",,"",0,"warmup",5,10,,,
"Entrenamiento nocturno 🏋️","8 dic 2025, 12:22","8 dic 2025, 13:42","","Preacher Curl (Barbell)",,"",1,"normal",10,10,,,
"Entrenamiento nocturno 🏋️","8 dic 2025, 12:22","8 dic 2025, 13:42","","Preacher Curl (Barbell)",,"",2,"normal",10,10,,,
"Entrenamiento por la tarde 💪","2 dic 2025, 17:26","2 dic 2025, 18:56","","Face Pull",,"",0,"normal",26,12,,,
"Entrenamiento por la tarde 💪","2 dic 2025, 17:26","2 dic 2025, 18:56","","Face Pull",,"",1,"normal",28,10,,,
"Entrenamiento por la tarde 💪","2 dic 2025, 17:26","2 dic 2025, 18:56","","Face Pull",,"",2,"normal",28,10,,,
"Entrenamiento por la tarde 💪","2 dic 2025, 17:26","2 dic 2025, 18:56","","Face Pull",,"",3,"normal",31,10,,,
"Entrenamiento por la tarde 💪","2 dic 2025, 17:26","2 dic 2025, 18:56","","Single Arm Lateral Raise (Cable)",,"",0,"normal",8.75,10,,,
"Entrenamiento por la tarde 💪","2 dic 2025, 17:26","2 dic 2025, 18:56","","Single Arm Lateral Raise (Cable)",,"",1,"normal",8.75,10,,,
"Entrenamiento por la tarde 💪","2 dic 2025, 17:26","2 dic 2025, 18:56","","Single Arm Lateral Raise (Cable)",,"",2,"normal",8.75,10,,,
"Entrenamiento por la tarde 💪","2 dic 2025, 17:26","2 dic 2025, 18:56","","Single Arm Lateral Raise (Cable)",,"",3,"normal",8.75,10,,,
"Entrenamiento por la tarde 💪","2 dic 2025, 17:26","2 dic 2025, 18:56","","Lateral Raise (Dumbbell)",,"",0,"warmup",8,10,,,
"Entrenamiento por la tarde 💪","2 dic 2025, 17:26","2 dic 2025, 18:56","","Lateral Raise (Dumbbell)",,"",1,"normal",12,10,,,
"Entrenamiento por la tarde 💪","2 dic 2025, 17:26","2 dic 2025, 18:56","","Lateral Raise (Dumbbell)",,"",2,"normal",14,10,,,
"Entrenamiento por la tarde 💪","2 dic 2025, 17:26","2 dic 2025, 18:56","","Cycling",,"",0,"normal",,,,1500,
"Entrenamiento por la tarde 💪","1 dic 2025, 17:44","1 dic 2025, 19:04","","Bench Press (Dumbbell)",,"",0,"warmup",20,10,,,
"Entrenamiento por la tarde 💪","1 dic 2025, 17:44","1 dic 2025, 19:04","","Bench Press (Dumbbell)",,"",1,"warmup",28,10,,,
"Entrenamiento por la tarde 💪","1 dic 2025, 17:44","1 dic 2025, 19:04","","Bench Press (Dumbbell)",,"",2,"normal",38,8,,,
"Entrenamiento por la tarde 💪","1 dic 2025, 17:44","1 dic 2025, 19:04","","Bench Press (Dumbbell)",,"",3,"normal",40,9,,,
"Entrenamiento por la tarde 💪","1 dic 2025, 17:44","1 dic 2025, 19:04","","Bench Press (Dumbbell)",,"",4,"normal",40,8,,,
"Entrenamiento por la tarde 💪","1 dic 2025, 17:44","1 dic 2025, 19:04","","Hammer Curl (Dumbbell)",,"",0,"normal",18,10,,,
"Entrenamiento por la tarde 💪","1 dic 2025, 17:44","1 dic 2025, 19:04","","Hammer Curl (Dumbbell)",,"",1,"normal",20,10,,,
"Entrenamiento por la tarde 💪","1 dic 2025, 17:44","1 dic 2025, 19:04","","Hammer Curl (Dumbbell)",,"",2,"normal",22,10,,,
"Entrenamiento por la tarde 💪","1 dic 2025, 17:44","1 dic 2025, 19:04","","Hammer Curl (Dumbbell)",,"",3,"normal",24,8,,,
"Entrenamiento por la tarde 💪","1 dic 2025, 17:44","1 dic 2025, 19:04","","Seated Cable Row - V Grip (Cable)",,"Máquina derecha",0,"warmup",40,10,,,
"Entrenamiento por la tarde 💪","1 dic 2025, 17:44","1 dic 2025, 19:04","","Seated Cable Row - V Grip (Cable)",,"Máquina derecha",1,"normal",77,10,,,
"Entrenamiento por la tarde 💪","1 dic 2025, 17:44","1 dic 2025, 19:04","","Seated Cable Row - V Grip (Cable)",,"Máquina derecha",2,"normal",97,8,,,
"Entrenamiento por la tarde 💪","1 dic 2025, 17:44","1 dic 2025, 19:04","","Seated Cable Row - V Grip (Cable)",,"Máquina derecha",3,"normal",97,8,,,
"Entrenamiento por la tarde 💪","1 dic 2025, 17:44","1 dic 2025, 19:04","","Triceps Dip",,"",0,"normal",,12,,,
"Entrenamiento por la tarde 💪","1 dic 2025, 17:44","1 dic 2025, 19:04","","Triceps Dip",,"",1,"normal",,12,,,
"Entrenamiento por la tarde 💪","1 dic 2025, 17:44","1 dic 2025, 19:04","","Triceps Dip",,"",2,"normal",,12,,,
"Entrenamiento por la tarde 💪","1 dic 2025, 17:44","1 dic 2025, 19:04","","Triceps Dip",,"",3,"normal",,12,,,
"Entrenamiento por la tarde 💪","1 dic 2025, 17:44","1 dic 2025, 19:04","","Chest Fly (Machine)",,"",0,"normal",65,10,,,
"Entrenamiento por la tarde 💪","1 dic 2025, 17:44","1 dic 2025, 19:04","","Chest Fly (Machine)",,"",1,"normal",75,10,,,
"Entrenamiento por la tarde 💪","1 dic 2025, 17:44","1 dic 2025, 19:04","","Chest Fly (Machine)",,"",2,"normal",80,10,,,
"Entrenamiento por la tarde 💪","29 nov 2025, 13:02","29 nov 2025, 14:22","","Bicep Curl (Cable)",,"",0,"normal",23.75,12,,,
"Entrenamiento por la tarde 💪","29 nov 2025, 13:02","29 nov 2025, 14:22","","Bicep Curl (Cable)",,"",1,"normal",28.75,10,,,
"Entrenamiento por la tarde 💪","29 nov 2025, 13:02","29 nov 2025, 14:22","","Bicep Curl (Cable)",,"",2,"normal",28.75,10,,,
"Entrenamiento por la tarde 💪","29 nov 2025, 13:02","29 nov 2025, 14:22","","Bicep Curl (Cable)",,"",3,"normal",31.25,8,,,
"Entrenamiento por la tarde 💪","29 nov 2025, 13:02","29 nov 2025, 14:22","","Single Arm Lateral Raise (Cable)",,"",0,"normal",7.5,10,,,
"Entrenamiento por la tarde 💪","29 nov 2025, 13:02","29 nov 2025, 14:22","","Single Arm Lateral Raise (Cable)",,"",1,"normal",7.5,10,,,
"Entrenamiento por la tarde 💪","29 nov 2025, 13:02","29 nov 2025, 14:22","","Single Arm Lateral Raise (Cable)",,"",2,"normal",7.5,10,,,
"Entrenamiento por la tarde 💪","29 nov 2025, 13:02","29 nov 2025, 14:22","","Overhead Press (Dumbbell)",,"",0,"warmup",20,10,,,
"Entrenamiento por la tarde 💪","29 nov 2025, 13:02","29 nov 2025, 14:22","","Overhead Press (Dumbbell)",,"",1,"normal",26,10,,,
"Entrenamiento por la tarde 💪","29 nov 2025, 13:02","29 nov 2025, 14:22","","Overhead Press (Dumbbell)",,"",2,"normal",30,8,,,
"Entrenamiento por la tarde 💪","29 nov 2025, 13:02","29 nov 2025, 14:22","","Overhead Press (Dumbbell)",,"",3,"normal",34,6,,,
"Entrenamiento por la tarde 💪","29 nov 2025, 13:02","29 nov 2025, 14:22","","Triceps Pushdown",,"",0,"normal",28.75,12,,,
"Entrenamiento por la tarde 💪","29 nov 2025, 13:02","29 nov 2025, 14:22","","Triceps Pushdown",,"",1,"normal",33.75,10,,,
"Entrenamiento por la tarde 💪","29 nov 2025, 13:02","29 nov 2025, 14:22","","Triceps Pushdown",,"",2,"normal",33.75,10,,,
"Entrenamiento por la tarde 💪","29 nov 2025, 13:02","29 nov 2025, 14:22","","Triceps Pushdown",,"",3,"normal",36.25,8,,,
"Entrenamiento por la tarde 💪","29 nov 2025, 13:02","29 nov 2025, 14:22","","Overhead Triceps Extension (Cable)",,"",0,"normal",23.75,12,,,
"Entrenamiento por la tarde 💪","29 nov 2025, 13:02","29 nov 2025, 14:22","","Overhead Triceps Extension (Cable)",,"",1,"normal",26.5,10,,,
"Entrenamiento por la tarde 💪","29 nov 2025, 13:02","29 nov 2025, 14:22","","Overhead Triceps Extension (Cable)",,"",2,"normal",28.5,10,,,
"Entrenamiento por la tarde 💪","29 nov 2025, 13:02","29 nov 2025, 14:22","","Overhead Triceps Extension (Cable)",,"",3,"normal",31.5,8,,,
"Entrenamiento por la tarde 💪","29 nov 2025, 13:02","29 nov 2025, 14:22","","Rear Delt Reverse Fly (Machine)",,"",0,"normal",45,10,,,
"Entrenamiento por la tarde 💪","29 nov 2025, 13:02","29 nov 2025, 14:22","","Rear Delt Reverse Fly (Machine)",,"",1,"normal",50,8,,,
"Entrenamiento por la tarde 💪","29 nov 2025, 13:02","29 nov 2025, 14:22","","Rear Delt Reverse Fly (Machine)",,"",2,"normal",,6,,,
"Entrenamiento por la tarde 💪","28 nov 2025, 17:36","28 nov 2025, 18:27","","Chin Up",,"",0,"normal",,8,,,
"Entrenamiento por la tarde 💪","28 nov 2025, 17:36","28 nov 2025, 18:27","","Chin Up",,"",1,"normal",,8,,,
"Entrenamiento por la tarde 💪","28 nov 2025, 17:36","28 nov 2025, 18:27","","Chin Up",,"",2,"normal",,8,,,
"Entrenamiento por la tarde 💪","28 nov 2025, 17:36","28 nov 2025, 18:27","","Incline Bench Press (Smith Machine)",,"",0,"warmup",15,10,,,
"Entrenamiento por la tarde 💪","28 nov 2025, 17:36","28 nov 2025, 18:27","","Incline Bench Press (Smith Machine)",,"",1,"normal",30,10,,,
"Entrenamiento por la tarde 💪","28 nov 2025, 17:36","28 nov 2025, 18:27","","Incline Bench Press (Smith Machine)",,"",2,"normal",35,6,,,
"Entrenamiento por la tarde 💪","28 nov 2025, 17:36","28 nov 2025, 18:27","","Incline Bench Press (Smith Machine)",,"",3,"normal",35,6,,,
"Entrenamiento por la tarde 💪","28 nov 2025, 17:36","28 nov 2025, 18:27","","Incline Bench Press (Smith Machine)",,"",4,"normal",35,6,,,
"Entrenamiento por la tarde 💪","28 nov 2025, 17:36","28 nov 2025, 18:27","","Iso-Lateral Row (Machine)",,"",0,"warmup",25,10,,,
"Entrenamiento por la tarde 💪","28 nov 2025, 17:36","28 nov 2025, 18:27","","Iso-Lateral Row (Machine)",,"",1,"normal",45,10,,,
"Entrenamiento por la tarde 💪","28 nov 2025, 17:36","28 nov 2025, 18:27","","Iso-Lateral Row (Machine)",,"",2,"normal",55,10,,,
"Entrenamiento por la tarde 💪","28 nov 2025, 17:36","28 nov 2025, 18:27","","Iso-Lateral Row (Machine)",,"",3,"normal",60,8,,,
"Entrenamiento por la tarde 💪","28 nov 2025, 17:36","28 nov 2025, 18:27","","Incline Chest Press (Machine)",,"",0,"normal",75,12,,,
"Entrenamiento por la tarde 💪","28 nov 2025, 17:36","28 nov 2025, 18:27","","Incline Chest Press (Machine)",,"",1,"normal",85,10,,,
"Entrenamiento por la tarde 💪","28 nov 2025, 17:36","28 nov 2025, 18:27","","Incline Chest Press (Machine)",,"",2,"normal",85,10,,,
"Entrenamiento por la tarde 💪","28 nov 2025, 17:36","28 nov 2025, 18:27","","Incline Chest Press (Machine)",,"",3,"normal",90,8,,,
"Entrenamiento por la tarde 💪","25 nov 2025, 17:36","25 nov 2025, 18:57","","Overhead Press (Dumbbell)",,"Las de 34 con ayuda de Carlos",0,"warmup",20,10,,,
"Entrenamiento por la tarde 💪","25 nov 2025, 17:36","25 nov 2025, 18:57","","Overhead Press (Dumbbell)",,"Las de 34 con ayuda de Carlos",1,"normal",26,10,,,
"Entrenamiento por la tarde 💪","25 nov 2025, 17:36","25 nov 2025, 18:57","","Overhead Press (Dumbbell)",,"Las de 34 con ayuda de Carlos",2,"normal",30,8,,,
"Entrenamiento por la tarde 💪","25 nov 2025, 17:36","25 nov 2025, 18:57","","Overhead Press (Dumbbell)",,"Las de 34 con ayuda de Carlos",3,"normal",34,6,,,
"Entrenamiento por la tarde 💪","25 nov 2025, 17:36","25 nov 2025, 18:57","","Single Arm Lateral Raise (Cable)",,"",0,"normal",7.5,10,,,
"Entrenamiento por la tarde 💪","25 nov 2025, 17:36","25 nov 2025, 18:57","","Single Arm Lateral Raise (Cable)",,"",1,"normal",7.5,10,,,
"Entrenamiento por la tarde 💪","25 nov 2025, 17:36","25 nov 2025, 18:57","","Single Arm Lateral Raise (Cable)",,"",2,"normal",7.5,10,,,
"Entrenamiento por la tarde 💪","25 nov 2025, 17:36","25 nov 2025, 18:57","","Face Pull",,"Pesos nuevos polea al lado de la guiada",0,"normal",24,12,,,
"Entrenamiento por la tarde 💪","25 nov 2025, 17:36","25 nov 2025, 18:57","","Face Pull",,"Pesos nuevos polea al lado de la guiada",1,"normal",28,12,,,
"Entrenamiento por la tarde 💪","25 nov 2025, 17:36","25 nov 2025, 18:57","","Face Pull",,"Pesos nuevos polea al lado de la guiada",2,"normal",28,10,,,
"Entrenamiento por la tarde 💪","25 nov 2025, 17:36","25 nov 2025, 18:57","","Face Pull",,"Pesos nuevos polea al lado de la guiada",3,"normal",31,8,,,
"Entrenamiento nocturno 🏋️","24 nov 2025, 17:34","24 nov 2025, 19:16","","Bench Press (Dumbbell)",,"",0,"warmup",18,12,,,
"Entrenamiento nocturno 🏋️","24 nov 2025, 17:34","24 nov 2025, 19:16","","Bench Press (Dumbbell)",,"",1,"warmup",30,8,,,
"Entrenamiento nocturno 🏋️","24 nov 2025, 17:34","24 nov 2025, 19:16","","Bench Press (Dumbbell)",,"",2,"normal",38,8,,,
"Entrenamiento nocturno 🏋️","24 nov 2025, 17:34","24 nov 2025, 19:16","","Bench Press (Dumbbell)",,"",3,"normal",40,7,,,
"Entrenamiento nocturno 🏋️","24 nov 2025, 17:34","24 nov 2025, 19:16","","Bench Press (Dumbbell)",,"",4,"normal",40,7,,,
"Entrenamiento nocturno 🏋️","24 nov 2025, 17:34","24 nov 2025, 19:16","","Chin Up",,"",0,"normal",,8,,,
"Entrenamiento nocturno 🏋️","24 nov 2025, 17:34","24 nov 2025, 19:16","","Chin Up",,"",1,"normal",,6,,,
"Entrenamiento nocturno 🏋️","24 nov 2025, 17:34","24 nov 2025, 19:16","","Chest Fly (Machine)",,"",0,"normal",65,12,,,
"Entrenamiento nocturno 🏋️","24 nov 2025, 17:34","24 nov 2025, 19:16","","Chest Fly (Machine)",,"",1,"normal",75,10,,,
"Entrenamiento nocturno 🏋️","24 nov 2025, 17:34","24 nov 2025, 19:16","","Chest Fly (Machine)",,"",2,"normal",75,10,,,
"Entrenamiento nocturno 🏋️","24 nov 2025, 17:34","24 nov 2025, 19:16","","Chest Fly (Machine)",,"",3,"normal",80,8,,,
"Entrenamiento nocturno 🏋️","24 nov 2025, 17:34","24 nov 2025, 19:16","","Cross Body Hammer Curl",,"A una mano 10 por lado",0,"normal",16,10,,,
"Entrenamiento nocturno 🏋️","24 nov 2025, 17:34","24 nov 2025, 19:16","","Cross Body Hammer Curl",,"A una mano 10 por lado",1,"normal",18,10,,,
"Entrenamiento nocturno 🏋️","24 nov 2025, 17:34","24 nov 2025, 19:16","","Cross Body Hammer Curl",,"A una mano 10 por lado",2,"normal",20,10,,,
"Entrenamiento nocturno 🏋️","24 nov 2025, 17:34","24 nov 2025, 19:16","","Cross Body Hammer Curl",,"A una mano 10 por lado",3,"normal",22,8,,,
"Entrenamiento nocturno 🏋️","24 nov 2025, 17:34","24 nov 2025, 19:16","","Skullcrusher (Barbell)",,"",0,"normal",10,12,,,
"Entrenamiento nocturno 🏋️","24 nov 2025, 17:34","24 nov 2025, 19:16","","Skullcrusher (Barbell)",,"",1,"normal",10,12,,,
"Entrenamiento nocturno 🏋️","24 nov 2025, 17:34","24 nov 2025, 19:16","","Skullcrusher (Barbell)",,"",2,"normal",10,12,,,
"Entrenamiento nocturno 🏋️","24 nov 2025, 17:34","24 nov 2025, 19:16","","Skullcrusher (Barbell)",,"",3,"normal",10,12,,,
"Entrenamiento nocturno 🏋️","24 nov 2025, 17:34","24 nov 2025, 19:16","","Heel Taps",,"",0,"normal",,90,,,
"Entrenamiento nocturno 🏋️","24 nov 2025, 17:34","24 nov 2025, 19:16","","Lying Leg Raise",,"1 minuto",0,"normal",,1,,,
"Entrenamiento nocturno 🏋️","24 nov 2025, 17:34","24 nov 2025, 19:16","","Crunch",,"1 serie 1 min",0,"normal",,1,,,
"Entrenamiento nocturno 🏋️","24 nov 2025, 17:34","24 nov 2025, 19:16","","Ab Scissors",,"1 serie 1 min",0,"normal",,1,,,
"Entrenamiento por la tarde 💪","22 nov 2025, 12:16","22 nov 2025, 13:18","","Decline Bench Press (Machine)",,"El peso es por lado",0,"warmup",20,10,,,
"Entrenamiento por la tarde 💪","22 nov 2025, 12:16","22 nov 2025, 13:18","","Decline Bench Press (Machine)",,"El peso es por lado",1,"normal",40,12,,,
"Entrenamiento por la tarde 💪","22 nov 2025, 12:16","22 nov 2025, 13:18","","Decline Bench Press (Machine)",,"El peso es por lado",2,"normal",50,10,,,
"Entrenamiento por la tarde 💪","22 nov 2025, 12:16","22 nov 2025, 13:18","","Decline Bench Press (Machine)",,"El peso es por lado",3,"normal",60,8,,,
"Entrenamiento por la tarde 💪","22 nov 2025, 12:16","22 nov 2025, 13:18","","Decline Bench Press (Machine)",,"El peso es por lado",4,"normal",65,6,,,
"Entrenamiento por la tarde 💪","22 nov 2025, 12:16","22 nov 2025, 13:18","","Lat Pulldown (Cable)",,"Máquina de /2",0,"warmup",23.5,10,,,
"Entrenamiento por la tarde 💪","22 nov 2025, 12:16","22 nov 2025, 13:18","","Lat Pulldown (Cable)",,"Máquina de /2",1,"normal",48.5,10,,,
"Entrenamiento por la tarde 💪","22 nov 2025, 12:16","22 nov 2025, 13:18","","Lat Pulldown (Cable)",,"Máquina de /2",2,"normal",48.5,10,,,
"Entrenamiento por la tarde 💪","22 nov 2025, 12:16","22 nov 2025, 13:18","","Lat Pulldown (Cable)",,"Máquina de /2",3,"normal",48.5,10,,,
"Entrenamiento por la tarde 💪","22 nov 2025, 12:16","22 nov 2025, 13:18","","Lat Pulldown (Cable)",,"Máquina de /2",4,"normal",48.5,10,,,
"Entrenamiento por la tarde 💪","22 nov 2025, 12:16","22 nov 2025, 13:18","","Preacher Curl (Barbell)",,"Barra Z, peso por lado",0,"warmup",5,10,,,
"Entrenamiento por la tarde 💪","22 nov 2025, 12:16","22 nov 2025, 13:18","","Preacher Curl (Barbell)",,"Barra Z, peso por lado",1,"normal",10,10,,,
"Entrenamiento por la tarde 💪","22 nov 2025, 12:16","22 nov 2025, 13:18","","Preacher Curl (Barbell)",,"Barra Z, peso por lado",2,"normal",12.5,8,,,
"Entrenamiento por la tarde 💪","22 nov 2025, 12:16","22 nov 2025, 13:18","","Preacher Curl (Barbell)",,"Barra Z, peso por lado",3,"normal",12.5,8,,,
"Entrenamiento por la tarde 💪","22 nov 2025, 12:16","22 nov 2025, 13:18","","Overhead Triceps Extension (Cable)",,"Polea arriba",0,"normal",24.5,12,,,
"Entrenamiento por la tarde 💪","22 nov 2025, 12:16","22 nov 2025, 13:18","","Overhead Triceps Extension (Cable)",,"Polea arriba",1,"normal",28.5,10,,,
"Entrenamiento por la tarde 💪","22 nov 2025, 12:16","22 nov 2025, 13:18","","Overhead Triceps Extension (Cable)",,"Polea arriba",2,"normal",28.5,10,,,
"Entrenamiento por la tarde 💪","22 nov 2025, 12:16","22 nov 2025, 13:18","","Overhead Triceps Extension (Cable)",,"Polea arriba",3,"normal",31.5,6,,,
"Entrenamiento Matutino ☀️","21 nov 2025, 17:50","21 nov 2025, 19:35","","Front Raise (Cable)",,"",0,"normal",12.5,12,,,
"Entrenamiento Matutino ☀️","21 nov 2025, 17:50","21 nov 2025, 19:35","","Front Raise (Cable)",,"",1,"normal",12.5,12,,,
"Entrenamiento Matutino ☀️","21 nov 2025, 17:50","21 nov 2025, 19:35","","Front Raise (Cable)",,"",2,"normal",15,10,,,
"Entrenamiento Matutino ☀️","21 nov 2025, 17:50","21 nov 2025, 19:35","","Front Raise (Cable)",,"",3,"normal",15,8,,,
"Entrenamiento Matutino ☀️","21 nov 2025, 17:50","21 nov 2025, 19:35","","Chin Up (Weighted)",,"",0,"normal",10,6,,,
"Entrenamiento Matutino ☀️","21 nov 2025, 17:50","21 nov 2025, 19:35","","Chin Up (Weighted)",,"",1,"normal",5,8,,,
"Entrenamiento Matutino ☀️","21 nov 2025, 17:50","21 nov 2025, 19:35","","Chin Up (Weighted)",,"",2,"normal",,7,,,
"Entrenamiento Matutino ☀️","21 nov 2025, 17:50","21 nov 2025, 19:35","","Overhead Press (Dumbbell)",,"",0,"warmup",18,10,,,
"Entrenamiento Matutino ☀️","21 nov 2025, 17:50","21 nov 2025, 19:35","","Overhead Press (Dumbbell)",,"",1,"normal",26,10,,,
"Entrenamiento Matutino ☀️","21 nov 2025, 17:50","21 nov 2025, 19:35","","Overhead Press (Dumbbell)",,"",2,"normal",30,8,,,
"Entrenamiento Matutino ☀️","21 nov 2025, 17:50","21 nov 2025, 19:35","","Overhead Press (Dumbbell)",,"",3,"normal",32,5,,,
"Entrenamiento Matutino ☀️","21 nov 2025, 17:50","21 nov 2025, 19:35","","Face Pull",,"",0,"normal",23.75,12,,,
"Entrenamiento Matutino ☀️","21 nov 2025, 17:50","21 nov 2025, 19:35","","Face Pull",,"",1,"normal",26.25,12,,,
"Entrenamiento Matutino ☀️","21 nov 2025, 17:50","21 nov 2025, 19:35","","Face Pull",,"",2,"normal",28.75,10,,,
"Entrenamiento Matutino ☀️","21 nov 2025, 17:50","21 nov 2025, 19:35","","Face Pull",,"",3,"normal",31.25,8,,,
"Entrenamiento Matutino ☀️","21 nov 2025, 17:50","21 nov 2025, 19:35","","Cycling",,"",0,"normal",,,,1800,
"Entrenamiento Matutino ☀️","21 nov 2025, 17:50","21 nov 2025, 19:35","","Plank",,"",0,"normal",,,,60,
"Entrenamiento Matutino ☀️","21 nov 2025, 17:50","21 nov 2025, 19:35","","Plank",,"",1,"normal",,,,90,
"Entrenamiento Matutino ☀️","21 nov 2025, 17:50","21 nov 2025, 19:35","","Plank",,"",2,"normal",,,,90,
"Entrenamiento Matutino ☀️","20 nov 2025, 18:38","20 nov 2025, 20:08","","Incline Bench Press (Dumbbell)",,"",0,"warmup",18,10,,,
"Entrenamiento Matutino ☀️","20 nov 2025, 18:38","20 nov 2025, 20:08","","Incline Bench Press (Dumbbell)",,"",1,"warmup",28,10,,,
"Entrenamiento Matutino ☀️","20 nov 2025, 18:38","20 nov 2025, 20:08","","Incline Bench Press (Dumbbell)",,"",2,"normal",34,8,,,
"Entrenamiento Matutino ☀️","20 nov 2025, 18:38","20 nov 2025, 20:08","","Incline Bench Press (Dumbbell)",,"",3,"normal",36,7,,,
"Entrenamiento Matutino ☀️","20 nov 2025, 18:38","20 nov 2025, 20:08","","Incline Bench Press (Dumbbell)",,"",4,"normal",38,5,,,
"Entrenamiento Matutino ☀️","20 nov 2025, 18:38","20 nov 2025, 20:08","","Incline Chest Fly (Dumbbell)",,"",0,"normal",12,10,,,
"Entrenamiento Matutino ☀️","20 nov 2025, 18:38","20 nov 2025, 20:08","","Incline Chest Fly (Dumbbell)",,"",1,"normal",12,10,,,
"Entrenamiento Matutino ☀️","20 nov 2025, 18:38","20 nov 2025, 20:08","","Incline Chest Fly (Dumbbell)",,"",2,"normal",12,10,,,
"Entrenamiento Matutino ☀️","20 nov 2025, 18:38","20 nov 2025, 20:08","","Incline Chest Fly (Dumbbell)",,"",3,"normal",12,10,,,
"Entrenamiento Matutino ☀️","20 nov 2025, 18:38","20 nov 2025, 20:08","","Chest Supported Incline Row (Dumbbell)",,"",0,"warmup",18,10,,,
"Entrenamiento Matutino ☀️","20 nov 2025, 18:38","20 nov 2025, 20:08","","Chest Supported Incline Row (Dumbbell)",,"",1,"normal",22,10,,,
"Entrenamiento Matutino ☀️","20 nov 2025, 18:38","20 nov 2025, 20:08","","Chest Supported Incline Row (Dumbbell)",,"",2,"normal",26,10,,,
"Entrenamiento Matutino ☀️","20 nov 2025, 18:38","20 nov 2025, 20:08","","Chest Supported Incline Row (Dumbbell)",,"",3,"normal",28,10,,,
"Entrenamiento Matutino ☀️","20 nov 2025, 18:38","20 nov 2025, 20:08","","Seated Incline Curl (Dumbbell)",,"",0,"normal",12,10,,,
"Entrenamiento Matutino ☀️","20 nov 2025, 18:38","20 nov 2025, 20:08","","Seated Incline Curl (Dumbbell)",,"",1,"normal",12,10,,,
"Entrenamiento Matutino ☀️","20 nov 2025, 18:38","20 nov 2025, 20:08","","Seated Incline Curl (Dumbbell)",,"",2,"normal",14,8,,,
"Entrenamiento Matutino ☀️","20 nov 2025, 18:38","20 nov 2025, 20:08","","Seated Incline Curl (Dumbbell)",,"",3,"normal",14,8,,,
"Entrenamiento Matutino ☀️","20 nov 2025, 18:38","20 nov 2025, 20:08","","Triceps Rope Pushdown",,"",0,"normal",21,10,,,
"Entrenamiento Matutino ☀️","20 nov 2025, 18:38","20 nov 2025, 20:08","","Triceps Rope Pushdown",,"",1,"normal",23,10,,,
"Entrenamiento Matutino ☀️","20 nov 2025, 18:38","20 nov 2025, 20:08","","Triceps Rope Pushdown",,"",2,"normal",26,10,,,